t_s,gps_x_m,gps_y_m,gps_alt_m,ground_speed_ms,roll_rad,pitch_rad,yaw_rad,anemo_body_x_ms,anemo_body_y_ms,anemo_body_z_ms,_true_wind_x,_true_wind_y,_true_wind_z
0.0,150.24377366380355,-0.8319872849923965,60.60036095664517,10.34401892282994,0.0842362027701168,-0.3345904580775462,1.5571599348868503,-7.818180535560886,-4.7487172673489395,3.4675981444607147,4.8833484501107645,2.030009070066459,0.5367423839572496
0.5,150.6121424327546,5.857158053718305,60.052824558048975,10.46448662531804,0.086191074408097,-0.3092635189753006,1.596704422205853,-8.325086811503283,-4.216285222593222,3.9171281754242115,4.086536443237736,1.5519218659426417,0.5367423839572496
1.0,149.48671764813741,9.918727426095643,60.978033070939226,10.53659866241716,0.0727684031405475,-0.3186447038237651,1.6369219629570155,-8.395759654487794,-3.817310862119902,3.8006151976788414,4.106919284896749,1.5641515709380498,0.5367423839572496
1.5,150.89160238593738,15.354137477040329,59.59020581674277,10.569564430139685,0.06586482401013127,-0.3077087439298938,1.6873386521176175,-8.415115445981483,-5.068006436596614,3.361960334874839,4.848596826005256,2.0091580956031536,0.5367423839572496
2.0,149.1348136481983,21.310488558653972,59.46759223416905,10.482112372389311,0.0768178197826291,-0.31293733442306365,1.7127127685841352,-7.958825632699617,-5.438365035972058,3.9071964069595415,5.4940338468028935,2.396420308081736,0.5367423839572496
2.5,147.95245847078317,26.552257230710385,58.83427534411547,10.617217265154698,0.07103904294307475,-0.3190849962762319,1.7386389388123877,-8.642233228762523,-4.794043661046795,3.4435959022934117,5.268422752263847,2.261053651358308,0.5367423839572498
3.0,145.3758442927782,30.91884559867528,60.130202452084006,10.443279863233736,0.08052553799121075,-0.3067113180319292,1.7885437498537158,-9.24921986425821,-4.30128224656979,4.148530418741527,4.171863641569108,1.603118184941465,0.5367423839572496
3.5,144.52380988272915,35.38165456874737,59.26443817119871,10.425573531007942,0.07959288722989058,-0.31266778653857463,1.8223731677932715,-9.793512074397837,-2.821704387484387,4.141512835962049,3.0288103763143845,0.9172862257886307,0.5367423839572496
4.0,144.55467458079377,40.81606261969655,59.70955692274794,10.538955188370469,0.07038908221470883,-0.3266820688438258,1.855148571007777,-9.977959591640259,-2.6184699976516086,4.127152476793167,2.8029085365018838,0.7817451219011303,0.5367423839572496
4.5,143.19078553145124,46.273760768634574,59.66136135036468,10.336153653661968,0.07355182494017924,-0.3318289902318848,1.8698014657796007,-10.132338290088855,-4.069886802580767,4.133632289591243,3.770881115523089,1.3625286693138534,0.5367423839572496
5.0,140.65136307465474,52.34240413707916,59.71498882315086,10.212877448487127,0.08210987706532978,-0.3239360868415812,1.9177108401185345,-9.817545379778908,-5.56426457173141,4.356287931298774,5.275771043940703,2.265462626364422,0.5367423839572496
5.5,139.42511709985482,56.381177494252626,59.524680035442564,10.436072167845026,0.05924354965260683,-0.3134039269205095,1.9492239275505685,-9.421176975047628,-6.59455977197802,4.71472431075403,6.276170512577871,2.865702307546723,0.5367423839572496
6.0,136.21302065229264,61.153916969335086,60.175997347177415,10.33298912075515,0.08862001109673505,-0.30541400084199444,1.993412492265879,-9.227694845979608,-6.947904376062094,4.002241144477843,6.2145772694256065,2.828746361655364,0.5367423839572496
6.5,134.50725910235042,64.65432310031656,60.50812075745152,10.909054881867077,0.0720595214504274,-0.32956151285785656,2.0139468130445524,-9.930010184245264,-5.344959247010352,4.956130265935869,5.45149463210192,2.370896779261152,0.5367423839572496
7.0,132.77366647545986,69.62910392185813,58.294362975414955,10.495532797082781,0.07719009997058604,-0.32267236460173987,2.0551389062959897,-10.482919293896662,-5.021992460737842,4.655360320124702,4.894031247771457,2.036418748662874,0.5367423839572494
7.5,129.77690269803486,74.17147699773933,58.66025364423651,10.294233947003423,0.06929402757755748,-0.3147224749141198,2.112908821155076,-10.39311624929427,-4.905850607525659,4.183562249193331,5.153569608686524,2.1921417652119146,0.5367423839572496
8.0,126.435121013678,78.90770878335213,61.702775785948134,10.465861133045662,0.06578509090195596,-0.30537862695040446,2.119846256135066,-10.313329294147156,-6.042254722738306,4.437971231942706,5.978328288235835,2.6869969729415004,0.5367423839572496
8.5,123.83180572691275,84.2357932817977,59.636013215727374,10.514849432906358,0.061552118547153804,-0.32754179634307556,2.1660156089210156,-10.330214357821822,-6.643480695529288,4.569551920158439,6.46334573216545,2.9780074392992697,0.5367423839572496
9.0,122.39735054960758,88.34329384496205,59.67125821533301,10.719614701800664,0.08597166037356037,-0.30966933843481154,2.215197256653392,-10.992097518986656,-6.376208532084656,4.132665451248281,5.856066197155348,2.613639718293209,0.5367423839572496
9.5,119.58054561763493,92.20560592822267,59.69345014309121,10.4474590771873,0.08969084093311158,-0.3257522206319664,2.224651883120342,-10.820364955701043,-4.182555638570134,4.464407777025726,4.250251828404346,1.6501510970426074,0.5367423839572496
10.0,115.17672610688585,97.54412694203187,60.072467925521394,10.421856995860855,0.08112994336704896,-0.335628617396292,2.268417849680634,-11.18951451791264,-2.4794097419704904,3.961177127102523,2.555216213338998,0.633129728003399,0.5367423839572496
10.5,112.20444585549394,99.30847677963709,60.02450519407554,10.367584120215373,0.0693164216431371,-0.3175906499790679,2.314335468023537,-10.61488185188868,-0.6368141235326952,4.114108057326923,1.759388502290836,0.1556331013745016,0.5367423839572496
11.0,107.72188299729328,104.39275300186657,60.14125868676297,10.428868007733602,0.06303094675475299,-0.3132116585816891,2.341131199156753,-10.05953207049874,-0.8198457229310548,3.942036920522661,2.1238751827352016,0.3743251096411211,0.5367423839572496
11.5,103.02800196737999,107.42840443962689,60.25248400287227,10.392559597861066,0.08701430168160587,-0.32179421345400055,2.3667975772106584,-12.003834031381125,-2.4706172977596315,4.040189016164545,3.0031273653405606,0.9018764192043363,0.5367423839572496
12.0,99.66810233129466,111.39631377820709,58.59381728691469,10.296240517642177,0.059023770207968215,-0.2918618417428947,2.3950725100075214,-11.868722219762402,-2.1983397681570773,5.5364465491497805,3.4422113357454784,1.165326801447287,0.5367423839572496
12.5,96.12354228755048,115.17991090859911,61.382958115524474,10.26574114071048,0.064052288933538,-0.31672780895531283,2.451601212853111,-11.285141938772895,-2.44923273423031,4.418319491415477,3.022866201052162,0.9137197206312972,0.5367423839572496
13.0,92.15868230366901,117.98850304900114,60.185735911701,10.47198817092969,0.06857125905604788,-0.309221325497938,2.488972673076738,-11.148502639971412,-1.262828631882874,4.337957913159782,2.2162584870081825,0.4297550922049096,0.5367423839572496
13.5,87.59054141703669,121.60574456558076,59.92217072126921,10.511387895738048,0.0963062393661932,-0.29768313134862695,2.5173146985215826,-11.404087315863213,-1.4245259744908922,4.688646484591468,1.9361826575094847,0.26170959450569087,0.5367423839572496
14.0,84.26305024332531,122.9599670936769,60.741950785246544,10.456452271756085,0.07914531074656889,-0.3257876682939033,2.5432429116748207,-11.442546451163299,-1.7515902879146799,4.353866082569843,2.6900642386407143,0.7140385431844286,0.5367423839572496
14.5,79.28630773241522,127.32926443314588,61.17719357839452,10.521174834523094,0.04750864775163546,-0.31663955552892736,2.584935726705778,-12.200357352496937,-3.2560570962767725,4.192914390462171,4.079708736114554,1.5478252416687328,0.5367423839572496
15.0,76.38188017133136,128.6767214437329,60.69106241095855,10.73182225277747,0.07094632400104268,-0.3148014524067863,2.6069679505708168,-13.08317573812077,-3.596671213910092,5.296436505312503,5.098364652860903,2.1590187917165418,0.5367423839572496
15.5,71.36266392906577,132.79340827198268,61.39514762093423,10.295229968498747,0.07898375770087684,-0.3054885934473632,2.6497947792684053,-13.015667499859857,-4.049960666392097,5.444275271167019,4.972636544449713,2.083581926669828,0.5367423839572496
16.0,66.38155229229575,134.6665860988709,60.936997674773856,10.394233535611034,0.0822497137553372,-0.29509350338014706,2.6954597027416356,-13.027921969227672,-2.596385304218547,4.412969677617919,3.818553757574153,1.3911322545444917,0.5367423839572496
16.5,62.21947920799141,137.54184569510826,59.440855657137,10.563289732799644,0.06377100865523029,-0.3138159720851481,2.7099738450180015,-11.994399891491096,-1.1643222868182543,4.896686043842795,2.5407344614127467,0.624440676847648,0.5367423839572496
17.0,54.357957405508316,139.32107156824233,60.05762685858606,10.693367869174004,0.07872088102571223,-0.29723435715052554,2.7360140374409903,-11.699135936977045,-0.5565482351339078,3.8136736123169896,2.0627878005115763,0.33767268030694586,0.5367423839572496
17.5,51.59770678901085,141.631160306561,59.54324507078256,10.449846209929925,0.08290834552650202,-0.3029702573894299,2.7949654961150787,-11.79192651313918,-1.045069277778857,4.217477366808469,2.559131265319939,0.6354787591919635,0.5367423839572496
18.0,46.230531130280234,142.96519253575582,60.79985939752824,10.598633290538777,0.06330166816363847,-0.3154683568632605,2.8429471544479648,-12.760709167726093,-2.032694296699408,4.8396809536543595,3.3541097466044363,1.1124658479626617,0.5367423839572496
18.5,41.3547442169984,145.25242286309742,60.68543518605322,10.403320597322455,0.08320215121860307,-0.30835657092633717,2.8867150995378763,-12.801990654812757,-2.5220356632798517,5.410869950186336,3.567949001016025,1.240769400609615,0.5367423839572496
19.0,36.37458869542458,146.5919994892879,58.71819236715286,10.260060629382124,0.06127941311690886,-0.33092780870433935,2.8889303825282773,-12.149666927538206,-1.0182931642827313,4.760933606055508,2.934523375136457,0.8607140250818742,0.5367423839572496
19.5,29.338670873357803,146.76562297838313,59.622579173089335,10.366274522535496,0.07919730864461073,-0.3068084241746544,2.9336008042417308,-11.382748288970781,-0.35657611055217464,4.579422944766888,2.066520611277226,0.33991236676633574,0.5367423839572496
20.0,25.903537518974396,147.87858382915675,60.65642278033393,10.277504662754762,0.07026338417906029,-0.3087016146193141,2.9642758710712918,-11.599775411260634,0.023781310568483427,3.654265711684407,1.9300155339083989,0.2580093203450393,0.5367423839572496
20.5,19.69021682605556,146.6733174153569,59.45738844787586,10.675013395401388,0.08223468553843485,-0.31714256432588694,3.0040375663248513,-12.106804657012656,-0.48692791992756473,4.681508839723249,2.986288459928784,0.8917730759572705,0.5367423839572496
21.0,15.752970816895305,148.50836572617902,59.52447971824101,10.530899632204967,0.05888248998849643,-0.3234597813266261,3.033123756479743,-13.814748844782303,-1.4472669973918162,4.827675877109527,4.75395947784386,1.9523756867063156,0.5367423839572496
21.5,9.631035910292757,150.0143652097442,59.89513067944982,10.536159078070215,0.055213431119657604,-0.30443816199544244,3.065443930860765,-15.65732522674058,-3.182186199778598,5.586773602829234,6.179955468012204,2.807973280807322,0.5367423839572496
22.0,5.083529032626037,150.17155365469034,60.28953748314307,10.52948207894335,0.08821656860893219,-0.3177489135366722,3.0912204496572424,-15.500610213595388,-2.908242197051483,6.336247772631626,6.502184357094789,3.001310614256873,0.5367423839572496
22.5,-0.10491002416266676,150.27902071523704,61.56081004810104,10.468096084772899,0.09613672133172982,-0.31343270781087645,3.143270165560257,-14.987832714592718,-2.4903744009373923,5.852117230445147,5.857631637405919,2.6145789824435512,0.5367423839572496
23.0,-4.9837979362091005,149.24192900810482,58.728346005352826,10.327661844514733,0.05267840031423689,-0.3258604844276663,3.171696002277851,-14.827494275863996,-0.9067427349912544,5.8688010974423515,5.112543664368555,2.1675261986211334,0.5367423839572496
23.5,-10.185304299658034,149.30894494989337,59.77250892956793,10.861626570955352,0.07632735775506586,-0.30767532058429636,3.2078531171341065,-14.374589228910933,-1.7804313912489715,5.475905247731687,5.071156432377767,2.14269385942666,0.5367423839572496
24.0,-15.500805696047813,150.32485591052594,60.07321614253857,10.571813297412993,0.08046851561285315,-0.31475389758015077,3.2445279046924482,-15.769507742717467,-1.3682538913834021,5.430225438700125,5.760931458412969,2.5565588750477812,0.5367423839572496
24.5,-20.007735540453076,148.83343543702532,59.77100101315545,10.247716387431897,0.0791405485224449,-0.31739168203786505,3.291016020337501,-16.873361413044947,-1.7084720871947392,5.276556097848606,6.4216630874211384,2.952997852452683,0.5367423839572496
25.0,-24.956136866188416,148.43731093740854,59.42441581337217,10.541737543391024,0.05865245269434426,-0.345203738753374,3.310434107139292,-15.224864518533487,-1.1158942480271965,5.701177269846324,6.2055444379407225,2.8233266627644333,0.5367423839572498
25.5,-32.435520305059455,146.48428141991275,60.07958197841259,10.716316054109576,0.07348498817521446,-0.305877963017928,3.3546412801985728,-14.593976450306615,-0.8410405853004781,5.7561215015315375,4.969205481573832,2.0815232889442994,0.5367423839572496
26.0,-37.064403955671295,144.83420241682782,61.06862746905619,10.706683215216463,0.07238288254961617,-0.29945848211808435,3.3813045257308936,-12.743297424037669,0.10623926606608401,4.969781464989557,3.455758713820562,1.1734552282923372,0.5367423839572496
26.5,-41.635019754505194,143.43635671400787,59.641148633577316,10.353990645700353,0.07912346214701456,-0.3305558560204922,3.427520913591039,-12.637211930048013,0.7968248489486827,3.7545200281380606,2.6980774394748663,0.7188464636849198,0.5367423839572496
27.0,-47.70172367722938,141.9974938711819,60.19813272088715,10.5713754075238,0.07250977525984666,-0.3168126290562844,3.454084938873805,-12.870195999607489,0.0313788619398882,5.001252577536531,3.1570763092444967,0.994245785546698,0.5367423839572496
27.5,-50.994991148725425,141.39911987208725,60.23713440064693,10.33865591498134,0.09569786988390425,-0.31507131338547617,3.4874427360461238,-14.49328782917908,-0.09290506155734024,4.746646260922554,4.342788000030469,1.7056728000182813,0.5367423839572496
28.0,-56.247533317708466,139.3450142878163,60.04091364684173,10.500171550088893,0.06636996541385876,-0.3047325546483125,3.5333082004261187,-15.276428718537234,0.06248975516868732,5.695363052392055,5.246247963690191,2.2477487782141146,0.5367423839572496
28.5,-62.16899826890208,136.9774344416026,60.20962864965951,10.526493662641839,0.06496505032030557,-0.31217122999807706,3.5452368086285553,-14.706751256335842,0.9313361267864487,5.384831453510353,5.2037634680606875,2.2222580808364123,0.5367423839572496
29.0,-67.68360959100153,133.89402881666277,59.764976863878296,10.713642934240921,0.06315928134669663,-0.30667812288703644,3.6162938994684466,-14.736342752918375,0.4546110471517714,5.259840821322625,4.440163575294615,1.7640981451767688,0.5367423839572496
29.5,-71.39863386791556,132.6413678266846,61.45703908065049,10.205731203019658,0.057089450741249714,-0.3275745907222025,3.625848846138641,-13.807199139727798,1.2180039611347078,5.020240165629426,3.821909696245706,1.3931458177474236,0.5367423839572496
30.0,-74.58767167767932,129.44177945778128,61.01955777355299,10.552680677955216,0.06781455077946631,-0.3208258850141692,3.6708581461651875,-13.584296803524316,1.231393955895031,4.408937170317698,4.044992080309802,1.5269952481858815,0.5367423839572496
30.5,-80.31533607632024,127.39543531273452,58.86101245168075,10.689652339319137,0.07906050669216781,-0.3226059493328647,3.686666295579651,-14.610578249473244,1.351191767557803,5.09847527885556,4.978144973163627,2.086886983898176,0.5367423839572496
31.0,-84.23145745786779,124.381322022433,60.215130758142884,10.110058462326553,0.06789750560485443,-0.30922553763169686,3.7294182993515554,-15.821827618086122,1.995399068178913,5.196698498176287,5.744917383509897,2.546950430105938,0.5367423839572496
31.5,-86.87903824786144,123.39201151832772,59.675784587640536,10.55065161825889,0.05410411156063004,-0.3174106459545611,3.7669138645860576,-15.409952669942111,1.3081926693326054,5.6414663790304305,5.478680582187874,2.387208349312724,0.5367423839572496
32.0,-93.5447457947042,118.76097042636421,61.64214798555671,10.413405919546555,0.0761873964829592,-0.31769172619573066,3.8033307151637423,-13.55550355285621,1.0589231418184024,4.986235068890457,4.091937432235595,1.5551624593413569,0.5367423839572496
32.5,-94.93988144261607,114.76732828080274,61.33431008889561,10.423406756322988,0.06282828653391537,-0.30800950174504294,3.8430691061284623,-12.159945547933354,1.5134799874710823,4.745005771835094,2.384991501363531,0.5309949008181186,0.5367423839572496
33.0,-101.72316107316455,111.45767356042718,59.27806152416599,10.087263860692893,0.07080164616621716,-0.3150136504851978,3.8567693911893666,-11.303869643581283,1.4473008609378772,3.7864826915651206,1.3940402746498437,-0.06357583521009369,0.5367423839572496
33.5,-103.5708803395631,108.11886585501706,59.428900140770814,10.446936322449691,0.060596818369029894,-0.3054067055360678,3.913195915631841,-10.031314011855052,1.501515016546998,4.140801736022206,1.5420605066690798,0.02523630400144783,0.5367423839572496
34.0,-107.24754935703706,104.6988237298481,61.00138000685216,10.408259452797013,0.06892735125485251,-0.31871884175337545,3.9394269528336894,-11.393595453506459,2.173714651632655,4.084874131566401,2.3269785030993857,0.49618710185963155,0.5367423839572496
34.5,-111.22046204251328,100.17298175381843,60.76164292251191,10.441809813788153,0.050806075446885035,-0.3228165003659117,3.9711572498576646,-12.950465170764396,1.5560822756986252,4.05944693358453,2.8109510112880134,0.7865706067728082,0.5367423839572496
35.0,-114.01629375451849,96.22209293202836,59.17534902378308,10.5690982155724,0.07379020553176545,-0.3031723448874448,4.004037062763915,-12.050852863932201,2.0362212409726532,4.173791122242205,2.4743664822512446,0.5846198893507468,0.5367423839572496
35.5,-118.21253047444452,92.91055221732042,59.171937508767485,10.318633469718879,0.07426008192552339,-0.3163656060300061,4.036431084644405,-11.406926417704836,1.798683858328966,3.8652556614902687,1.681451713069034,0.10887102784142044,0.5367423839572496
36.0,-121.42949230578077,89.07020292975042,58.17540972370246,10.304045130675398,0.05871386838172031,-0.32382370957883194,4.099371878977628,-10.378147736383719,1.7045346784826911,3.4734993997536963,1.348089574283347,-0.09114625542999177,0.5367423839572496
36.5,-123.99738490987808,83.92555498536039,60.4389910550913,10.134885228664848,0.07242134607133964,-0.3112465510667395,4.120632853891718,-10.927056067160299,2.1326988868942696,3.5100419567923815,2.104995453972844,0.3629972723837065,0.5367423839572496
37.0,-126.40581810534269,80.43806970959028,59.18350158438933,10.33800591872825,0.05491048125901568,-0.31312217513855994,4.163631334858449,-12.088683928792701,2.95855737621188,4.372547896238865,3.6948287221739484,1.3168972333043691,0.5367423839572496
37.5,-129.8946495343293,74.76058823689178,59.18794567541695,10.538357355596585,0.09584115109849103,-0.2954650255677445,4.200686878780985,-14.35838035542499,4.029901259695365,5.085022174849638,5.139444820852336,2.1836668925114013,0.5367423839572496
38.0,-131.44240671520404,70.92903133217263,60.59201138904347,10.724248004861101,0.08105629909553984,-0.31059050607969285,4.205018857753041,-14.27354714369532,3.935894225633841,4.470311882147206,5.5401545237768275,2.4240927142660964,0.5367423839572496
38.5,-133.43591067216647,66.84304849859808,60.2041707334847,10.276577694440808,0.0885303452851111,-0.3140330447468757,4.26072706298373,-13.887750975820918,3.9558110445986956,4.702836538730982,4.819090858045131,1.9914545148270788,0.5367423839572496
39.0,-137.0727763358434,60.94671281028462,61.43804893331571,10.449317730324939,0.0837508121713148,-0.3140394090010898,4.2961152545219745,-12.410297928510092,3.146084009679137,3.995902064473377,3.759534364146002,1.3557206184876014,0.5367423839572496
39.5,-139.67445679034012,55.190736581248316,60.40897745163803,10.477812493001197,0.07848394603016731,-0.3328696226650715,4.327131794426394,-11.585562453069565,3.358473523875441,4.590676520801224,3.314043619696812,1.0884261718180874,0.5367423839572496
40.0,-141.6299293802616,50.43606243696389,60.27568392380029,10.504560191187556,0.07835844332469838,-0.30067836548245913,4.374842089947867,-12.297897358279444,2.982953789603921,4.1913176439046556,3.7868443096296343,1.3721065857777806,0.5367423839572496
40.5,-142.82014404058455,45.890233869780005,60.20230785197592,10.301061161802243,0.0691091989655312,-0.3207363580076478,4.401491241479668,-12.971340943728814,4.229316589164207,4.533221250236093,4.603315362529333,1.8619892175175998,0.5367423839572496
41.0,-144.57424728984017,42.49582492448305,59.07033638981257,10.071050347000535,0.05222107853573554,-0.3336564622108074,4.433441138713302,-12.901479923396028,4.418841378022686,4.865613012505191,4.862015769754173,2.0172094618525036,0.5367423839572496
41.5,-145.2276118418548,37.53743490139302,59.09777538808663,10.421584628209958,0.07040930760189978,-0.3220435310793546,4.4586773152117365,-12.3511865318278,4.491434223961621,4.898594689704437,4.177198651948243,1.6063191911689456,0.5367423839572496
42.0,-145.1980919388193,31.2152148042516,61.40295282136086,10.617325192507355,0.07340961091817792,-0.3127868310139726,4.506776709873135,-10.160295776763201,3.40684132069042,3.75964199827746,3.0646420778382346,0.9387852467029408,0.5367423839572496
42.5,-148.01062898149866,25.655426503718573,60.72688108791369,10.571961412257405,0.07471215960656337,-0.31124202520398814,4.5380025080861595,-10.668385285137013,2.823915357243075,3.2029896897586134,2.5244439998652153,0.6146663999191292,0.5367423839572498
43.0,-149.3258258470998,19.72212583556227,59.953271004913056,10.464987421415078,0.07526607910282808,-0.32142164493177766,4.581465185488306,-11.633579579086847,3.1695288622183386,3.7518058661496623,3.1799934219700505,1.0079960531820304,0.5367423839572496
43.5,-148.9551928775232,14.872955130449224,60.57942614196498,10.467778143486445,0.07504639135104563,-0.3339716801936174,4.587158903663245,-12.097370260510253,4.740401473813333,4.110863477798894,4.724315500616618,1.9345893003699708,0.5367423839572496
44.0,-149.45415966736547,11.22159074949747,59.111116079265955,10.216376582574421,0.062113774271071905,-0.32560852602542417,4.645601338568506,-12.418900574397655,6.134444303656727,3.410224977254274,6.159541844596171,2.7957251067577022,0.5367423839572496
44.5,-150.57505343110117,4.788741395379,59.67328909819622,10.24162920147706,0.0747906526677291,-0.31742386530129724,4.68847105405015,-13.172339062676313,6.54739472051713,4.437834517845143,6.624245588029167,3.0745473528175,0.5367423839572496
45.0,-149.688246635744,0.08204254698103186,59.882046008065466,10.310538731918163,0.09101902059295651,-0.3206750064894685,4.733964372373766,-12.492496503739035,5.969313125145767,4.1568409780677245,6.091415653230728,2.7548493919384365,0.5367423839572496
45.5,-150.51002873111514,-4.917297865362742,60.4444656709201,10.189855747769869,0.06787130717125,-0.3038191828596642,4.759416958321484,-11.300759575669478,5.909186924769508,4.4623748497038385,5.33484230693788,2.3009053841627276,0.5367423839572496
46.0,-149.8889327778764,-11.157075266677532,60.09538068890191,10.483332505159503,0.06840242986288847,-0.315899266210998,4.801912239719197,-11.615532981977172,5.795982502689498,3.8287146126596325,5.2026464463822535,2.221587867829352,0.5367423839572496
46.5,-149.17347096089213,-15.320610237369497,60.93224602843774,10.60187080772855,0.09163810169411059,-0.31091693144321364,4.82328245605807,-12.079824511029077,6.358857354946582,4.223465921589758,5.842196988939011,2.6053181933634066,0.5367423839572496
47.0,-148.37092252499951,-20.16684997635547,60.392613367195054,9.92471358818376,0.08695620983599991,-0.31112910335316135,4.848290456493928,-11.667314145484786,6.201017341108951,4.001125044231295,6.560610931919252,3.036366559151551,0.5367423839572496
47.5,-149.09993367775553,-25.685811769286783,60.38202346981343,10.533180938498168,0.06221370637261895,-0.3216163805035565,4.9012741772550354,-11.677461332020265,7.948024142910972,3.7810022972338118,6.444859164574561,2.9669154987447364,0.5367423839572496
48.0,-145.42864059127194,-31.08193192970919,59.19812481544736,10.477167293093766,0.07323756890551575,-0.314532180116325,4.907536949461995,-10.918803051497346,5.572302937635953,3.9832225022605545,5.196399532210059,2.217839719326035,0.5367423839572496
48.5,-145.77059554071752,-36.373229884448186,60.17849761472493,10.538547418373444,0.08084589528723306,-0.324628227336618,4.945827595481519,-9.690860099280494,3.7546840414164793,3.0629225091625516,3.443873657272296,1.1663241943633778,0.5367423839572496
49.0,-143.8185585459217,-42.57017557835522,60.183585372370885,10.399556988157281,0.08208964022357491,-0.3102386996046995,4.998259755325748,-10.107191220257846,2.6727203877019234,3.4024583051410286,2.251929933082178,0.45115795984930673,0.5367423839572496
49.5,-141.96203295673726,-45.16912954770271,61.43549604368029,10.595538481747404,0.08815526792599873,-0.3153083990218362,5.030241922653458,-9.270216366122662,2.5839306273711786,3.5301673492756103,2.2470094965653793,0.4482056979392277,0.5367423839572496
50.0,-141.001319234707,-51.88645104794923,59.66842154733131,10.528801902484735,0.08102492604505764,-0.3141279196868332,5.065017501330247,-9.412146025917098,3.3951244330690473,3.7109065703092177,3.116651549889251,0.9699909299335507,0.5367423839572496
50.5,-140.0654286545473,-55.03714517943781,59.599404204994464,10.56493080678835,0.05705451418884462,-0.32510293749470115,5.085669055904208,-9.657981165967877,4.339176271686207,3.270241954948276,3.9134635567622684,1.4480781340573612,0.5367423839572496
51.0,-136.75991835743596,-60.757658164854604,60.32786276586295,10.628805353184429,0.08083877924804152,-0.33623370113443957,5.127451612409992,-10.298205967131615,4.413880213158661,3.343051527958532,3.893080715103248,1.4358484290619489,0.5367423839572496
51.5,-133.86899943069815,-65.59345197975973,59.59971113808248,10.573585717269825,0.07946722738258592,-0.31968760592937445,5.166160002091404,-8.981536305540407,3.329722456400198,3.624050530392408,3.151403173994743,0.9908419043968456,0.5367423839572496
52.0,-133.20597238254368,-69.6416191153097,60.558853076297204,10.537602349258957,0.07545399748925066,-0.32214229794364213,5.192083586556844,-9.369706931459465,2.9426582791317344,3.0178453517700823,2.505966153197103,0.6035796919182617,0.5367423839572496
52.5,-130.8972149907685,-75.16325486755109,60.08771820365921,10.538684534695262,0.09999197509527558,-0.32858248117583594,5.251402656476531,-9.050816123551412,3.1331975172823765,3.3506081510134087,2.7315772477361566,0.738946348641694,0.5367423839572496
53.0,-127.33016250695353,-78.32464948981475,59.63482308462022,10.46037208499285,0.08624336480631115,-0.32090706206256614,5.27026338516281,-9.366092018624336,4.393961258678927,3.6855590775154674,3.828136358430904,1.3968818150585423,0.5367423839572496
53.5,-124.51314444221939,-84.77062909106634,59.816565877158155,10.687270535462796,0.05770692960924498,-0.32371890128131164,5.308175823984072,-8.330264994107186,6.508792186183278,2.8134259740911265,4.9711896236856195,2.0827137742113715,0.5367423839572496
54.0,-121.1575471719208,-88.28878596126806,60.34607556138092,10.43047049845312,0.07503501999353236,-0.31300320402374243,5.3364314562208035,-9.08442559230349,5.202382482700642,3.1670564695794488,5.197091463498114,2.2182548780988682,0.5367423839572496
54.5,-118.67848416073323,-92.34241679747021,60.6359458023325,10.658269511488049,0.07627539888726285,-0.32102945658998794,5.388455805944587,-7.991782991304459,4.750079985528383,3.3495902154502013,4.229118884476902,1.637471330686141,0.5367423839572496
55.0,-114.00258701472309,-95.92686211129079,60.47867763765991,10.598008536370108,0.07982850489126755,-0.32565055861519365,5.417858636921722,-9.137865615491155,2.5249847472793556,3.635971622165092,2.7242289560592794,0.7345373736355677,0.5367423839572496
55.5,-110.28180518986044,-100.58693046077856,59.07820092697859,10.323681439550787,0.07186877965276242,-0.3130907961128219,5.446254434125543,-8.394695436474455,1.4949157733689593,3.4327584965820166,1.723829487422122,0.13429769245327328,0.5367423839572496
56.0,-107.54071622836261,-104.19626872870109,59.40014932937238,10.157357868324455,0.07191703278695118,-0.3160879492663848,5.4775047933633445,-8.111212571938815,1.6177294201696328,3.202238068824676,1.7854227305743966,0.17125363834463792,0.5367423839572496
56.5,-104.91412145043317,-108.11142879036277,59.45131785905868,10.472544949709196,0.08885584017519851,-0.31588648970392663,5.528732992929475,-8.444088221612553,2.4761288597151747,3.1095858348542706,2.5485053678980796,0.6291032207388477,0.5367423839572496
57.0,-98.99455495138884,-113.32741240301013,58.398763404449056,10.626504822438887,0.06869856045101495,-0.3140071297350884,5.557373777978796,-8.045988323822527,2.892395980716935,3.3725181870202356,3.1059687522285446,0.9635812513371268,0.5367423839572496
57.5,-96.27089518796366,-114.13654040985722,60.218116210745706,10.259322886442042,0.0685067955857939,-0.3068517445091338,5.5862119442928,-8.213203613852004,3.197549405897131,2.1844339552844327,2.846430391313471,0.8078582347880827,0.5367423839572496
58.0,-93.2988776399482,-118.49222155906335,59.79631346418718,10.417438018419958,0.05860195482061118,-0.32447581614875487,5.610945478444563,-7.601624671852046,2.364071777322633,3.0496370496361784,2.021671711764154,0.3130030270584925,0.5367423839572496
58.5,-89.08715104162162,-122.87905348682231,59.90649585087318,10.53459630577728,0.06393715055955067,-0.3150478180487212,5.63810945999634,-8.890229420873407,1.2206660418293502,3.416737860883005,1.5366542678345505,0.0219925607007303,0.5367423839572496
59.0,-84.93532670793762,-123.67188729914784,59.35983064271852,10.450827327349314,0.08101390467697035,-0.31427067332000475,5.675359865316194,-8.41931347341383,1.885430511074298,3.356615605721529,2.143933802844657,0.3863602817067944,0.5367423839572496
59.5,-78.2624665224999,-126.40120580667465,59.794676706880196,10.31323335434033,0.08224188934033841,-0.29390862733688927,5.745210093272387,-7.87935097262248,3.0206830139472527,3.2635880678589784,3.749748171595659,1.3498489029573955,0.5367423839572496
60.0,-76.05803290663341,-130.292765872225,60.33618136757967,10.516602172643811,0.07331433628851142,-0.3209719516608426,5.752526195192246,-6.683872864093607,4.64845653835531,3.0916493414014123,5.444783786661011,2.3668702719966066,0.5367423839572496
60.5,-69.71132717435982,-132.8334009033342,59.85123465825116,10.670718863873223,0.0669143122732726,-0.34192789010712926,5.780062637218761,-6.456839491568619,4.8213007472584,1.6268624550515662,6.240611497709163,2.8443668986254975,0.5367423839572496
61.0,-65.79122095252515,-133.78665593501808,60.3287860615207,10.556903675752203,0.08258156895221078,-0.32359343663261253,5.834886503222838,-5.610278613969668,4.903963174066187,2.2923095223382774,5.876124817264791,2.6256748903588742,0.5367423839572496
61.5,-61.450138558274084,-137.93003339220695,59.05269733448138,10.70475752998435,0.07529251600929968,-0.3107348260208464,5.856006975611792,-6.254439687394125,4.331105023192596,2.5152636040284913,4.996872634659434,2.0981235807956606,0.5367423839572496
62.0,-55.16940434662841,-139.87861133122334,61.34686896763042,10.238068026670136,0.06882625913951206,-0.30321738285383754,5.899924826023982,-6.572395680030673,2.963502765750146,2.3323006638865755,4.5577886642545185,1.8346731985527112,0.5367423839572496
62.5,-50.529182110176066,-139.74045899217487,59.362471208562646,10.39964064016054,0.07754886231364078,-0.3217555476140346,5.9275379800770835,-5.753062738163399,3.826534487640817,2.851420098027324,4.977133798947833,2.086280279368699,0.5367423839572496
63.0,-45.55308009026254,-142.58054671390678,60.636622407795386,10.561008716201814,0.0697040080551015,-0.31467824429222097,5.967816540384929,-5.610130702844292,4.622095180944062,2.1988834146985274,5.783741512991817,2.5702449077950904,0.5367423839572496
63.5,-40.116030849415715,-143.02977854975882,59.70004424812069,10.439271142750314,0.07829322683597363,-0.32068959650613643,6.00417720315892,-5.177696221374804,5.020653082127312,1.97992784320208,6.063817342490508,2.738290405494305,0.5367423839572494
64.0,-35.333389482465066,-147.2808512692358,58.388717924107766,10.59560545493536,0.08272063500158619,-0.31352604125104766,6.041461879423774,-5.883732899587917,3.6576394418655247,2.7597527595824793,5.3099357613592755,2.2859614568155653,0.5367423839572496
64.5,-31.05098838654972,-147.07338323815478,59.684341718504484,10.327172832744665,0.05208972393681656,-0.3114612611802003,6.082599675348069,-6.985248025587717,2.195139145752478,2.0762331263049902,3.9202912638854266,1.452174758331256,0.5367423839572496
65.0,-26.00444134858203,-149.38868467582196,60.491416350685654,10.419847000136949,0.0822809839245657,-0.31678880551189315,6.08267446321127,-7.563517561498188,1.9760608713572054,1.8292473933700508,2.9016353471390994,0.8409812082834596,0.5367423839572498
65.5,-21.81996576678368,-147.89655406996766,59.45990883828523,10.650537546460042,0.0786168287057523,-0.30823777769645455,6.162787879048132,-7.1347325418233565,1.6692803951937476,2.2330675804184192,3.027363455550287,0.9164180733301723,0.5367423839572496
66.0,-16.287676568605097,-149.6268876365112,59.98220176412063,10.583279847412902,0.058020145500214906,-0.3117635912181637,6.18859683517865,-5.8959863036246505,1.6621776323317374,2.3117197242897607,4.1814462424258565,1.6088677454555143,0.5367423839572494
66.5,-11.965862074391563,-150.4944203500278,60.701234883265215,10.439904828252404,0.07721506486545658,-0.30984510903932205,6.232844721189872,-4.607762300951745,3.13041392650678,2.8532958079538973,5.459265538587264,2.3755593231523586,0.5367423839572496
67.0,-5.8732307162699104,-149.56638693426666,60.35119282351111,10.455603739231778,0.06887088140641254,-0.32497050166638436,6.272467356364278,-4.12436459066683,2.747977863106969,2.0436895489630693,5.937212199488416,2.6623273196930497,0.5367423839572496
67.5,-0.20230515705429258,-149.5501817024684,58.966494185414646,10.43388111025881,0.07807933553692245,-0.2941268494569148,6.288067108242342,-4.750678602794571,2.3339749163257886,1.7401131977055762,5.4408687346800715,2.3645212408080427,0.5367423839572496
68.0,4.932679279168574,-149.1755749000047,58.613432717432815,10.61591409082849,0.08341347551187808,-0.31813533335249566,6.322039280200565,-5.709561344090028,2.354786383282939,2.592843260976713,4.645890253395564,1.8875341520373383,0.5367423839572496
68.5,9.251667240983952,-148.97131068212082,60.32388407010857,10.693017220803942,0.057576270902613455,-0.31441370696683213,6.356815873501783,-5.27737705890872,1.6779013559555933,2.3303319084653604,4.43205099898398,1.759230599390388,0.5367423839572496
69.0,16.660096618076494,-151.47192826826722,59.74604915612986,10.334601990371514,0.0726624105641885,-0.3325071987071267,6.388891344978696,-4.352677610324856,1.3709644412335968,2.1137557913360765,5.065476624863566,2.139285974918139,0.5367423839572494
69.5,20.338435525066078,-147.35829540389952,59.56595374391054,10.260502597623805,0.0792269099588929,-0.3337546156479171,6.442313791237564,-3.6424003001021856,1.8745334701561944,1.878406760243039,5.933479388722773,2.6600876332336636,0.5367423839572496
70.0,26.99325124344162,-147.98035077222835,59.836744387961254,10.548955483627555,0.06923802653240967,-0.32023983262951977,6.464992806012874,-3.5659779976652812,2.000065483323984,1.6218503543915548,6.069984466091598,2.7419906796549585,0.5367423839572496
70.5,30.851674627523884,-144.9383546369432,58.7456556668556,10.476178840019859,0.08759113686712428,-0.2998345720323935,6.483701031270528,-3.9323366641788513,1.521088503122884,2.353893047292155,5.013711540071196,2.1082269240427176,0.5367423839572496
71.0,36.114503413375175,-145.71188600303117,60.312424477055615,10.583800347944726,0.08905982045250657,-0.31226054730956326,6.517986787156761,-6.268523787639616,0.7532591841713452,2.8993813559495343,3.246040522156117,1.04762431329367,0.5367423839572496
71.5,41.128860868423665,-144.93244572445226,59.30544525548738,10.640101609676451,0.057260101004077774,-0.3116779453012758,6.561564113884227,-8.233324000693722,-1.113636838833349,2.7676809464307013,1.8200445319877954,0.19202671919267722,0.5367423839572498
72.0,45.820848356191576,-142.37000410214756,58.88745165601979,10.382992484235423,0.08945272067284585,-0.31566751948811766,6.600381868468022,-7.625153307373546,0.31366710248622465,3.2244681287018104,1.4978156429052154,-0.0013106142568706236,0.5367423839572496
72.5,51.042585489634725,-140.54597451910502,59.915820692599304,10.525573425372572,0.0702476450849245,-0.2987949792299386,6.631055154388531,-6.948715613628822,-0.10860017024283954,3.7275253959762287,2.142368362594097,0.3854210175564581,0.5367423839572496
73.0,56.96135747098635,-139.65726702623232,59.31699262193007,10.20683219502507,0.07920066159627066,-0.30380716001160796,6.667579307721485,-7.401057298391891,-0.5752509410732395,2.338542564161206,2.8874563356314553,0.8324738013788732,0.5367423839572496
73.5,61.09808474892764,-136.13178350902373,59.989267370460155,10.727853414047662,0.05071562410692028,-0.31615690422825404,6.700359500552116,-6.183670133754942,-0.7079731094314144,2.6977359326554966,2.928843567622235,0.8573061405733412,0.5367423839572496
74.0,66.11565469143885,-134.36845648606192,60.0916675496191,10.498786656458927,0.07784179274979906,-0.30601615740003113,6.728493991789396,-7.387415346369633,-0.8341693694041381,3.2143156648141393,2.239068541587037,0.4434411249522221,0.5367423839572496
74.5,69.92769994732988,-132.46028714909957,59.50196787786756,10.294753651776656,0.06316380204161115,-0.31786231027382755,6.7603165557828975,-8.334231054061505,-0.8541588234005093,3.6010547140259646,1.5783369125788624,0.04700214754731746,0.5367423839572496
75.0,74.54696406753521,-130.40349329423793,61.06011738309987,10.491827487926377,0.0778454203149943,-0.31637653655427966,6.812006660552109,-8.969098417654806,-0.5165491313987474,3.9844493499148914,1.7944555620592881,0.17667333723557288,0.5367423839572496
75.5,79.54222017031617,-126.76871171975016,60.71648419465148,10.181795901609012,0.05346920979873851,-0.33177654707942683,6.843892833068406,-7.1364259575380355,-0.15744095321439366,2.745246539872224,3.0307945184261653,0.9184767110556992,0.5367423839572496
76.0,82.86452438713685,-126.5553766989607,59.81269957017367,10.564567749039819,0.07241387812509308,-0.31860422846155806,6.887895247734751,-4.819735951515854,-0.9151736311725718,1.589590561679037,4.5442412861794415,1.826544771707665,0.5367423839572496
76.5,88.6120760266778,-121.10503590011658,60.78518379944649,10.699430808974778,0.06218858079085883,-0.2931236281453188,6.901456733961143,-4.176736467818902,-1.7088251461178317,1.76998022851734,5.301922560525132,2.2811535363150797,0.5367423839572496
77.0,92.14050144044809,-117.52967495690203,60.1895643109754,10.531301877920354,0.07328751285323387,-0.2998770581542973,6.943932137520987,-5.612915286467222,-1.5158755309861904,2.47659816040339,4.842923690755489,2.005754214453293,0.5367423839572496
77.5,95.16449485279254,-115.48614048337328,59.5346229206382,10.450103943252655,0.07055944345271647,-0.328567798765396,6.974736721120664,-6.592866584651707,-0.890517627646654,3.0006149606109,3.657211999969542,1.2943271999817252,0.5367423839572496
78.0,100.05595911713208,-111.3597843719779,59.34673991403554,10.233910766846241,0.06237703461185439,-0.32400523883468046,7.009575845109421,-7.7757986172251465,-1.003443114598645,3.3011746396847848,2.7537520363098067,0.752251221785884,0.5367423839572496
78.5,104.21885853782241,-108.07691868701073,60.27320694842944,10.523834498936214,0.074251137629913,-0.3293813214226347,7.037910468232892,-7.356460152479429,-0.7992400943527522,2.2776031799664054,2.7962365319393068,0.777741919163584,0.5367423839572496
79.0,108.85266765502774,-104.3211762698146,60.44016199682115,10.403646335215463,0.06702410989426658,-0.3154092652747632,7.06906259642624,-7.41673789773908,-1.1663031835661057,2.481873907862729,3.559836424705397,1.235901854823238,0.5367423839572496
79.5,110.36257001899298,-101.49756671629582,59.86092983992431,10.311836446609245,0.06674651758157145,-0.3102011623237455,7.125682319378643,-5.886742555985619,-1.7538038988994464,3.2096840318146094,4.178090303754281,1.6068541822525686,0.5367423839572496
80.0,114.86271857488433,-95.51198959656526,61.011631847470426,10.414405373109815,0.059497957972909035,-0.3174302438950289,7.1700721440349575,-6.124785944984475,-1.8146463729056932,2.6835899548001994,3.955007919690196,1.4730047518141176,0.5367423839572496
80.5,118.43218829148056,-92.55112059883632,59.96593710316444,10.357946998673143,0.07520971581835767,-0.32126001380072455,7.196328963989123,-6.319883140301517,-2.2168193660053883,3.1896717232075473,3.0218550268363633,0.913113016101818,0.5367423839572496
81.0,121.81447121825751,-88.13054186520871,60.60948381923397,10.633652015327753,0.08669650817600369,-0.3121442361257258,7.237517927099063,-9.004866986686139,-0.7575636812690351,3.4617773723660097,2.255082616490095,0.45304956989405687,0.5367423839572496
81.5,123.37973528738307,-84.54355142589625,60.11675063531582,10.441408232797295,0.07420821173273129,-0.3111949780371319,7.2719267045040255,-8.587344148682865,-1.167544724725082,3.277872674110129,2.521319417812139,0.6127916506872836,0.5367423839572496
82.0,126.03032223595596,-79.08545070027925,58.06871371917517,10.367854727794128,0.08117659830044598,-0.32978456112931404,7.296036083288149,-6.700367684997975,-1.9294598228642852,2.847225943715103,3.9080625677643943,1.4448375406586367,0.5367423839572496
82.5,129.49852841088878,-73.98169378499634,60.429037575344715,10.491268750839668,0.07034832436945834,-0.3166353264787397,7.3139714182606586,-4.953947703214427,-4.06928875742963,2.7448156691777763,5.615008498636481,2.4690050991818886,0.5367423839572496
83.0,134.3517003684982,-71.30084286086307,59.91787032716749,10.367173446568254,0.0932182568601847,-0.3016830622206377,7.357998727860791,-4.193082206040156,-4.2365148967049135,2.372122409085091,6.605959725350152,3.0635758352100906,0.5367423839572494
83.5,134.74765062271442,-67.03411391858303,60.10809876149447,10.429885444940268,0.07909923756460065,-0.31654079587913175,7.383283255079174,-4.212335572200052,-4.208263971468137,2.1201450893526914,6.457939493330917,2.97476369599855,0.5367423839572496
84.0,135.83128312416468,-61.83082456359235,59.56975092291429,10.60293400197989,0.08725062475723588,-0.32085612920817214,7.441806915258761,-5.612100261102954,-3.8929628325439674,2.5801784438119557,5.673021496900626,2.5038128981403753,0.5367423839572496
84.5,138.64972911444326,-57.4490116123888,58.89444077490909,10.502520488772447,0.0688168240007144,-0.32723939078489683,7.474304928718641,-6.156072372130549,-2.9532538340291574,2.1924169238144353,5.189048988711987,2.2134293932271922,0.5367423839572496
85.0,140.05153069908172,-51.69774257115643,60.113135578672434,10.447382486961928,0.0500353999987386,-0.3116792280633811,7.52484298392209,-5.996273565341092,-4.080376475044209,3.137516527277575,5.525633517748757,2.415380110649254,0.5367423839572496
85.5,142.19370929344782,-48.17313827921955,60.51279257551598,10.271218150267403,0.07320153527723965,-0.3247640658520795,7.5411480862654265,-5.525840684516297,-5.116246047843805,2.8795040383978914,6.318548286930972,2.891128972158583,0.5367423839572496
86.0,145.02710661960685,-42.463752303044565,59.46983887331579,10.477603996816917,0.09452367754774216,-0.3023536339017616,7.575751060274673,-5.553017416679022,-5.54402578869785,2.6929669045018443,6.65191042571664,3.091146255429984,0.5367423839572496
86.5,145.47166219769872,-36.31295035121753,59.828499912235905,10.488678076375695,0.05928626608425091,-0.31956815320255494,7.619213459391282,-6.482722032003756,-4.947321048055393,2.5989301761400467,5.89500454602716,2.6370027276162955,0.5367423839572496
87.0,146.41123356521737,-30.004838690684245,60.4052665233522,10.605903884414419,0.060649461464110384,-0.307130182058415,7.636429988466087,-7.578494256921628,-3.5205750385717436,3.0678024830650763,4.305171277826039,1.6831027666956235,0.5367423839572496
87.5,147.10155490262048,-26.54238389211265,59.47490328516151,10.482538381065071,0.06846327697125573,-0.3026485583063228,7.6860334481637524,-7.958095178154671,-1.625706778997447,3.1733904321280115,2.8605551791476644,0.8163331074885987,0.5367423839572496
88.0,147.59925005792078,-21.498049886208495,59.49593399179547,10.893410857480438,0.0633161321383173,-0.32517460312212015,7.7128443513363125,-9.351450678483456,-1.7970241054577683,3.308748084848059,2.4598454762231685,0.5759072857339012,0.5367423839572496
88.5,148.81717674446946,-15.62165537661437,58.963727052427174,10.691328801486982,0.09225278320492841,-0.30243588164398194,7.752371174582286,-8.99480762214485,-2.728110841008135,3.1593426019985325,3.180909141954859,1.0085454851729156,0.5367423839572496
89.0,150.28196332445617,-10.387119830828656,58.05089946940214,10.624302794438417,0.06408832404605536,-0.30695704763078346,7.796869752213297,-7.564052870315138,-4.427291722783397,3.5508994532673754,4.240465635854004,1.6442793815124022,0.5367423839572496
89.5,148.58195560039854,-5.241248117673712,60.219073918646764,10.405523688979757,0.07123703272526716,-0.33355505895293813,7.815664346301611,-7.935694247939659,-4.424645417284313,3.2428836555429292,4.685956380303182,1.911573828181909,0.5367423839572496
90.0,149.96823497412242,0.3539636839757322,59.75645858971467,10.616085658105147,0.07009679854627597,-0.31319213613194746,7.833865849437963,-8.07839709693513,-3.960655238731814,3.561480805072287,4.213155690370377,1.6278934142222263,0.5367423839572496
90.5,148.34637162882575,3.6558574094880116,60.219043076258814,10.432851243205292,0.07431210456002076,-0.3123771765771722,7.884048835599748,-8.592141687452695,-2.8433753755297992,3.8468086055050343,3.3966846374706856,1.1380107824824113,0.5367423839572496
91.0,147.94845602888213,11.078860028048474,60.97738293297407,10.438007324284357,0.0811364319989767,-0.32337085931765813,7.9308507624448445,-8.768161388588869,-2.383520729893715,3.432561166259742,3.1379842302458325,0.9827905381474994,0.5367423839572496
91.5,149.7761019461558,15.725197547298466,59.10613791835898,10.336871684409077,0.07872848367631072,-0.3080995348999527,7.9596225343904825,-8.77854929831154,-3.7713920340730596,4.242912949728996,3.82280134805177,1.3936808088310622,0.5367423839572494
92.0,148.07035370102452,20.88475355483183,60.70316322216071,10.571182240449733,0.058706176923143935,-0.3278806608359316,7.972268931100996,-8.494132094434605,-5.303961305166711,3.5687334517180394,4.9353579221617565,2.061214753297054,0.5367423839572496
92.5,147.20792877520495,26.23225226823418,59.76052967379862,10.262431203303308,0.08142499674158046,-0.30918373587266323,8.02126864645167,-8.522767877920716,-5.178891322849101,3.8744499372702776,5.475556000134783,2.3853336000808696,0.5367423839572496
93.0,147.24663455900793,30.319065124714914,61.13001045596881,10.507310992561962,0.08511097006529676,-0.3111235917538872,8.065067682699942,-8.966718243163903,-4.620473336155504,3.6958972186269614,4.820006578029947,1.992003946817968,0.5367423839572496
93.5,146.24190643461503,35.83883910512963,59.50704580800745,10.228062838672,0.06187926602616478,-0.3253063978895678,8.079180818326082,-9.308644550658506,-2.520616235624038,4.41600096200623,3.275684499383372,1.0654106996300232,0.5367423839572496
94.0,144.76913812799276,42.48328845248875,59.63455201540907,10.553404245637616,0.07544898710216796,-0.3351858722176525,8.136027568912782,-10.461542966289995,-1.4649745665007439,3.4211935576852928,1.840458155403839,0.20427489324230352,0.5367423839572498
94.5,143.4780875846144,45.72600526686994,59.090461934871655,10.310615118169192,0.051808811587831,-0.31694914136387087,8.162050461895758,-10.808187616348867,-0.8334491344434342,3.8270256267230236,1.375754411970827,-0.0745473528175038,0.5367423839572496
95.0,140.5102351933739,52.16006512999403,60.48234955500418,10.53729426235959,0.07302500236071922,-0.30767601276628015,8.190890442794519,-10.183982447385606,-1.5324419583880537,3.841377115031384,1.9085843467692851,0.24515060806157107,0.5367423839572496
95.5,138.45323142130258,56.59884557860768,60.441487017225036,10.252047614595549,0.04383820525749952,-0.3016944131800679,8.20603933581939,-10.342251761556613,-2.0800726882669793,3.9361066728077705,2.665157693062125,0.6990946158372747,0.5367423839572496
96.0,136.1568289970168,61.83202105842657,58.46279637556109,10.581839683430404,0.08620939925515053,-0.3147362931908081,8.260373919752146,-10.403456851466784,-2.93197368228026,4.384243287714885,2.7973535536177385,0.7784121321706431,0.5367423839572496
96.5,133.4437780377742,65.43279832354614,59.30945147012458,10.35173268585071,0.08793223680683919,-0.32829747026272604,8.324566687392853,-10.367477658393708,-2.221264227839412,3.838256188877512,2.1578030110609983,0.3946818066365989,0.5367423839572496
97.0,131.42244420722668,70.49659590566785,59.01766755944652,10.772119977204502,0.05155389054762438,-0.31813522806417105,8.32379435859241,-10.730051103513542,-1.273862380893529,3.7425233622540097,1.439389068080751,-0.036366559151549405,0.5367423839572496
97.5,129.94893982140147,75.19629680719626,58.57888136292616,10.384067765969643,0.0675383461714744,-0.3119046214905699,8.366851567885456,-10.188019759351976,-1.484876148639498,3.968010830302262,1.5551408354254415,0.033084501255264964,0.5367423839572496
98.0,127.33867095096946,78.97549757749637,59.78328509834325,10.591457116543975,0.07191388355391144,-0.3218497559706686,8.417566885724574,-10.492264691671881,-2.518045392338165,4.046395194435719,2.80360046778995,0.7821602806739703,0.5367423839572496
98.5,124.1669684882049,83.63357769035129,60.0837520239105,10.545275790636076,0.09215324629064711,-0.32819544274668894,8.45545550218435,-11.433462589449446,-4.411221192775212,4.960985074216737,4.55612634272769,1.8336758056366138,0.5367423839572496
99.0,121.48904921907396,87.71942826882848,60.024837760390845,10.267938996327151,0.07174703646226764,-0.32238999315021455,8.479264594345672,-10.976281180482163,-6.091313372541841,4.3165916751980316,5.74807006691782,2.548842040150692,0.5367423839572496
99.5,118.51419306187938,92.7854799084224,60.18532835538922,10.804098404334765,0.08449387385737551,-0.31323911761517564,8.521311878668845,-11.143353121019285,-5.806024149217429,4.475827169919178,5.752990503434612,2.5517943020607676,0.5367423839572496
100.0,114.54510568396391,95.88543928408454,60.347207858760086,10.5658268477054,0.07702404536219859,-0.32887020804497147,8.563869993961823,-11.33290430034601,-5.105792487332804,5.015285079217349,4.88334845011074,2.030009070066444,0.5367423839572496
100.5,110.46009022805077,101.79133722603494,60.52703789469295,10.543465957064576,0.07427985861950613,-0.29750653296784024,8.588688082303475,-11.307145299103206,-3.980418672787554,4.72989114546177,4.086536443237737,1.5519218659426424,0.5367423839572496
101.0,107.91271416270945,103.56676648575551,60.10394388333286,10.400263053302902,0.07365570091738272,-0.32812337577059936,8.606513721950712,-11.238961654033462,-4.622197279352215,4.640757269355933,4.106919284896748,1.5641515709380491,0.5367423839572496
101.5,105.24535285435356,107.50619548347453,60.527587371401516,10.516164438349735,0.07023016006684628,-0.31296809748114107,8.664549223999991,-11.945187554961018,-4.12480223347799,4.390767110999728,4.848596826005271,2.0091580956031625,0.5367423839572496
102.0,101.10770273205901,111.9997538150414,61.53315590138833,10.303531954599908,0.06639191425689953,-0.32860168254644795,8.681327022024911,-11.92042001851814,-4.932377993407222,4.9415229095724165,5.494033846802895,2.396420308081737,0.5367423839572496
102.5,97.03163528764418,113.92690264572623,60.92715966590152,10.308041225801167,0.10430965728672012,-0.31032179792575015,8.732752554089084,-12.422152636644151,-5.400224567673211,4.70139846536776,5.2684227522638345,2.2610536513583006,0.5367423839572496
103.0,91.19161763771672,119.57950099460481,60.21829001442062,10.442574867289226,0.07836271113903603,-0.3173953399999642,8.75974254326946,-11.643886342898742,-3.5011877780234215,4.915565978781668,4.1718636415691,1.6031181849414604,0.5367423839572496
103.5,87.89406553128536,120.2270178237606,58.417800750106295,10.33470681304405,0.07164756226981815,-0.3135676333839191,8.782991107801802,-11.623295602836713,-2.1742779405677335,3.757943981094888,3.0288103763143726,0.9172862257886237,0.5367423839572496
104.0,84.20474663560037,124.66528286677288,59.07706006688019,10.542148479402426,0.07604589619740076,-0.30345264193174737,8.839503504088873,-11.621162904940325,-2.051369700257926,4.261878506742804,2.802908536501888,0.781745121901133,0.5367423839572496
104.5,79.64397281349508,127.71073762834564,60.105499050496924,10.70349944036816,0.08296070813076772,-0.31316869467023145,8.874489841151041,-11.843471288835401,-3.0913239828080634,4.100627009847915,3.7708811155230912,1.3625286693138547,0.5367423839572496
105.0,75.20532698456977,128.53222185126893,59.42894440222503,10.503683483223218,0.08246968078066169,-0.31708803428586724,8.895816890527348,-12.57130921631838,-4.596317239304392,4.857541210140141,5.275771043940708,2.2654626263644246,0.5367423839572496
105.5,70.73309836352672,132.8392133563116,60.728990435655156,10.587856483103392,0.07646614254562561,-0.30903444873446684,8.933371337194945,-13.762422650672244,-5.049167059049939,5.511535863152246,6.27617051257788,2.8657023075467283,0.5367423839572496
106.0,66.19978856391755,134.85448054719515,59.35269921204717,10.632244822052622,0.0750952838499454,-0.3144526669163071,8.97301534802402,-13.154190404298593,-5.057276922105962,5.614491862582974,6.21457726942559,2.8287463616553534,0.5367423839572496
106.5,61.088897992649535,138.90209474172786,59.69756856661482,10.660842739366188,0.07778048649247642,-0.3225243395583164,9.00221778187247,-13.525758664579898,-3.704258496047649,5.411103986500577,5.451494632101933,2.3708967792611597,0.5367423839572496
107.0,56.11501676391272,138.81184336114686,62.163188085823506,10.49107988331445,0.07851507910350077,-0.3216936584897781,9.033535212213518,-13.713574473322367,-3.0182578354203127,5.048425478429552,4.894031247771458,2.0364187486628746,0.5367423839572496
107.5,51.25221455929968,141.539087044239,59.322604725692784,10.360396372901635,0.06312326545080987,-0.31181042945077375,9.08200534128358,-13.569880014726083,-3.722871726516371,5.51864873323709,5.153569608686535,2.192141765211921,0.5367423839572496
108.0,45.935318240413054,141.9033146244954,61.04092667892162,10.3795492493398,0.08101980695903893,-0.3078237895439685,9.123679462870848,-13.426910932871657,-4.5990055799260725,5.301164623681795,5.978328288235857,2.686996972941514,0.5367423839572496
108.5,40.6649476746437,143.32718779266486,59.76027754875571,10.415964171442395,0.06164638777837131,-0.3106507098906564,9.146066664006296,-14.753425611840226,-4.051371222621529,5.953977032971796,6.463345732165445,2.978007439299267,0.5367423839572496
109.0,37.98519906205712,145.73190383458515,58.51001219790017,10.554322943077514,0.06388977782919632,-0.33238577003858216,9.180613393302156,-14.638873438105382,-3.711328489104272,6.289876921611068,5.856066197155334,2.6136397182932,0.5367423839572496
109.5,31.767632311820922,145.97728131971718,59.20068408693519,10.349966950113977,0.07477205837789778,-0.3123475388291459,9.195899201256658,-13.484288873826015,-2.119906730122518,5.021877480153213,4.250251828404327,1.6501510970425963,0.5367423839572496
110.0,25.615598504502653,147.57967559697295,60.07264001888804,10.406845446977146,0.08071999473496148,-0.3028405656487773,9.247162633417167,-12.241907326687967,-0.5773914960666207,4.770818572081536,2.555216213338979,0.6331297280033873,0.5367423839572496
110.5,21.508279925582826,149.32387858416033,61.03334917252694,10.24914121148132,0.0930091650802359,-0.3232323539461931,9.285297162317622,-11.426024683034486,-0.11425391724602277,4.0687656372809125,1.7593885022908378,0.1556331013745027,0.5367423839572496
111.0,15.753413046971225,148.56359977760266,60.0687947845981,10.513568941647605,0.06607142756854366,-0.3256748606281903,9.32251177234208,-11.712402880504497,-0.06384577003333469,5.184203672663254,2.123875182735205,0.3743251096411231,0.5367423839572496
111.5,10.85153647527016,148.77255847587978,58.9704740475709,10.426229529159013,0.0909619832988778,-0.3238299230002366,9.344032633937326,-12.5966164804473,-0.791879589855654,4.406493675626997,3.0031273653405726,0.9018764192043436,0.5367423839572496
112.0,6.218425079495215,149.2638291657989,58.88506201250706,10.64682632544855,0.08425744940844675,-0.3090039441525477,9.383373319929342,-13.580400914700736,-1.185311699369121,4.860044882697109,3.442211335745483,1.1653268014472897,0.5367423839572496
112.5,-0.8292655798956796,149.93238409479082,60.54011572791592,10.55461416910001,0.04945005881944768,-0.303333481923714,9.412395367333124,-12.552296206583494,-0.47700016840463855,5.115175072585913,3.0228662010521408,0.9137197206312846,0.5367423839572496
113.0,-7.136756898759158,149.28080065513956,60.11056410348262,10.403653324637753,0.07234480749987646,-0.3091577374927142,9.467950773050205,-11.701387162554786,-0.09652649492278817,3.80325654157095,2.216258487008191,0.4297550922049147,0.5367423839572496
113.5,-10.1303765431076,148.76224973693328,60.505019784097264,10.174354028496627,0.08389930445686603,-0.3128307174899321,9.462507303115075,-12.095204915777916,0.8577121759702719,4.155037934102067,1.936182657509483,0.26170959450568976,0.5367423839572496
114.0,-14.691071579499845,149.18896877847592,60.88395239116618,10.234924614289147,0.07728693655737252,-0.30935724531377723,9.533299139841724,-12.164829384763223,0.7109344837670204,4.955296215434023,2.6900642386407316,0.7140385431844388,0.5367423839572496
114.5,-20.518635931786676,149.4533949257181,60.96216064522892,10.426057654696985,0.06991923515677123,-0.30195999565616843,9.574119596618438,-12.940342732789258,-0.8486483243378727,4.941615982508802,4.079708736114579,1.5478252416687472,0.5367423839572496
115.0,-26.439404370070502,147.00914635202034,57.789859595461,10.511188573875472,0.06983446984875563,-0.3102913568026546,9.594145878880708,-14.247923167782442,-0.8304338144312499,5.942999987856816,5.098364652860904,2.1590187917165427,0.5367423839572496
115.5,-30.52562777474916,146.94553335321774,61.09502770552285,10.431415970651662,0.07497242759739058,-0.3089639014528943,9.638053700519109,-14.93238936068488,-0.4595762686009118,6.225184047741766,4.972636544449705,2.0835819266698232,0.5367423839572496
116.0,-35.95271242566763,146.550582102095,60.91220262475542,10.621926614946776,0.07450932613209395,-0.33911805349184515,9.674534955312437,-14.414252269868868,0.4608892872243534,5.072598241198451,3.8185537575741333,1.39113225454448,0.5367423839572496
116.5,-42.06729228309473,142.94724841210777,60.20860350731294,10.598566045698982,0.07403473769231025,-0.3193066688536287,9.704917211947118,-11.311446056089535,0.7303513103118032,4.901686714219216,2.5407344614127214,0.6244406768476328,0.5367423839572498
117.0,-45.16897944116032,142.50642010595246,58.356190953859766,10.584394064276962,0.07241176272591349,-0.3056587888817076,9.728781500139219,-11.820354717816295,0.39917929524207,4.8750516165605475,2.062787800511574,0.33767268030694453,0.5367423839572496
117.5,-50.78178900233504,141.4511741683831,59.970200597958296,10.707675884378332,0.07645543664551184,-0.32657048926347343,9.750947444308434,-12.234856109246136,0.72939803837879,4.94674950563903,2.5591312653199374,0.6354787591919625,0.5367423839572496
118.0,-54.93499022438773,138.27915931038297,59.718187972040184,10.590311694473465,0.07941668107667602,-0.28764522157503114,9.824249958824705,-12.75579772160532,0.44808568817705985,4.497057677379167,3.354109746604443,1.112465847962666,0.5367423839572496
118.5,-61.891025472757555,136.8410695656059,59.90817764079846,10.458969806839661,0.0910675684826574,-0.31787364682973346,9.818113218765316,-13.196941774630917,0.43705770768864555,4.887408583229416,3.5679490010160126,1.2407694006096075,0.5367423839572496
119.0,-65.97463521501581,135.45137941030282,58.77370809731784,10.465226230819527,0.06897247178958865,-0.30699603708355777,9.872132885558228,-13.223947727207984,1.0930514016314117,5.02016432805321,2.9345233751364543,0.8607140250818727,0.5367423839572496
119.5,-71.98941089665918,133.00691472619815,58.67208969486425,10.56028100369825,0.07762037055791558,-0.32345276479943486,9.901324342729424,-11.835341045468727,0.9280410600635026,4.072319171241762,2.0665206112772196,0.33991236676633174,0.5367423839572496
120.0,-75.35685550276695,130.68796326500333,60.224938532514784,10.391618281050567,0.06708183010697685,-0.32322736661730567,9.931124195467998,-11.404148405509341,0.9351888939708428,3.4055802236984896,1.9300155339083966,0.258009320345038,0.5367423839572496
120.5,-80.20871685838476,128.46775649720038,58.63777711048535,10.122910542424181,0.0592928418136812,-0.3025356904373508,9.997491311968066,-12.912326756162841,0.9501556962452641,4.816463088225659,2.986288459928812,0.8917730759572872,0.5367423839572496
121.0,-85.36789046821647,124.13104916257568,61.2399124529033,10.745283795167405,0.06982367727953992,-0.31310225774767236,10.030062919945472,-13.842803156203045,1.2290318589917486,5.203933271611742,4.753959477843855,1.9523756867063133,0.5367423839572496
121.5,-89.38554726402408,122.1746140126852,59.18534757411099,10.452515081487702,0.07545972021160623,-0.3166999660820915,10.043064217464615,-16.462355290391216,1.8849271993149965,6.032771672771274,6.179955468012212,2.807973280807327,0.5367423839572496
122.0,-92.29313077186208,118.6585522940412,59.22270498158963,10.594841137302799,0.08213267392713361,-0.30557912451067126,10.115268187370049,-16.555583478329076,1.911758827457574,6.0319091963260565,6.502184357094789,3.001310614256874,0.5367423839572496
122.5,-96.84621117568234,114.5841363263026,60.43290467057443,10.184485891838248,0.06572019018958646,-0.3184583672283023,10.123847874833043,-15.310949782100362,1.9659255807267484,4.861014734009172,5.857631637405892,2.6145789824435353,0.5367423839572496
123.0,-101.37712140719367,110.42118964704916,59.876311393104075,10.474394924257378,0.061936708237512315,-0.32151849808913957,10.149710038175307,-14.940534759665127,2.667038713755933,5.451049280590079,5.112543664368554,2.1675261986211316,0.5367423839572496
123.5,-104.56757659331424,107.55438392549927,60.26219717596156,10.429965217933846,0.08050403632364182,-0.32366381365709646,10.193104857226334,-15.389580127177528,2.4464071027039553,5.438451269282198,5.071156432377767,2.14269385942666,0.5367423839572496
124.0,-106.44774845388552,103.49376481090081,60.17395233224261,10.471637975290355,0.07401147622284052,-0.31520958007635397,10.22643223774295,-15.311130410470007,3.0709405927068554,5.842293094835156,5.760931458412969,2.5565588750477817,0.5367423839572496
124.5,-110.81947096387172,99.80817739681541,60.61276436218099,10.656756782109372,0.0664070755148069,-0.302737901216382,10.28568577886047,-16.01003026976231,2.4486725847438704,5.3369070724665,6.421663087421149,2.9529978524526896,0.5367423839572496
125.0,-114.46420503822655,96.61727233192087,60.806934684763874,10.42590645100311,0.07945981664514595,-0.3014072770156868,10.307070768993514,-15.11154091948796,3.4760823762925397,5.73026049498702,6.205544437940716,2.82332666276443,0.5367423839572496
125.5,-118.68278169025551,93.71463541118392,60.17296374105815,10.215254538006409,0.08281532166841693,-0.31286346295821293,10.326207194272612,-14.259329792088302,3.515947709985225,5.182933710001575,4.969205481573832,2.081523288944299,0.5367423839572496
126.0,-121.52474472150301,89.59362287803476,59.828962510520036,10.390678001932049,0.055532063322991904,-0.29433530378788,10.374401754498626,-12.652791340395773,2.3170903391459854,4.876943086644363,3.455758713820552,1.1734552282923312,0.5367423839572496
126.5,-123.4370307436434,84.31269174919152,60.19574554038988,10.56666126117605,0.07591045957075164,-0.31599152635482697,10.413112259619364,-12.098133328501131,1.5888532444591508,4.463411330693244,2.6980774394748694,0.7188464636849217,0.5367423839572496
127.0,-126.82302150145452,79.8140723306751,59.743567697329965,10.546943727610348,0.08263313168907074,-0.31463634894672393,10.431967885645689,-12.295753968684245,3.1879764327513618,3.744456023978716,3.1570763092444927,0.9942457855466957,0.5367423839572496
127.5,-131.24709890976482,74.9134133293416,59.65309801187665,10.695494163310464,0.052552266828060974,-0.3100852732387227,10.467995762685087,-13.998277479899944,3.5561578020455786,5.146601940662033,4.342788000030467,1.7056728000182804,0.5367423839572496
128.0,-132.15497377631786,70.45758092874533,61.062525296716636,10.542379610909096,0.09200451180006382,-0.3022885616613347,10.497022338291718,-13.953034476417193,4.101420532420166,4.207521300671885,5.246247963690197,2.2477487782141186,0.5367423839572496
128.5,-133.0007134840915,66.26762095100231,61.17873046515341,10.677826863395957,0.07630211066733444,-0.3149260058547651,10.545781346706091,-14.148243183496387,3.7320670291964677,5.2226245072002015,5.20376346806069,2.222258080836414,0.5367423839572496
129.0,-137.82470369885996,61.784895505013246,59.93043201951518,10.56560315283641,0.07794509916346865,-0.30933986703666505,10.587108080838146,-13.014920390157876,4.18000956523811,4.649457876622155,4.440163575294594,1.7640981451767566,0.5367423839572496
129.5,-139.74418825824793,57.91791622095061,60.37585993856397,10.627719001313551,0.08185312367095746,-0.3310001477926777,10.602986536686196,-11.950440209203197,3.4547634992176453,3.6809922319717394,3.821909696245714,1.3931458177474283,0.5367423839572496
130.0,-141.38891936136844,52.432075087551674,59.92973145711704,10.272343924073956,0.07653031549579148,-0.30181328188224743,10.637109912752459,-12.821508263550342,3.544101828305752,4.650484935981402,4.044992080309806,1.5269952481858837,0.5367423839572496
130.5,-143.9929051241843,47.011525897877206,59.5176173499464,10.720581930000852,0.07027925089019153,-0.3336037384184604,10.674304767452272,-13.146873693820915,4.763277758316509,4.2479480500876265,4.9781449731636505,2.0868869838981903,0.5367423839572496
131.0,-144.73689921009165,40.79912993128184,61.22988604151824,10.465610440454112,0.07660103762996032,-0.3199400548031882,10.714697056894366,-13.154471681412593,5.6911994750202135,4.334463921146472,5.7449173835099145,2.5469504301059485,0.5367423839572496
131.5,-145.4722334792654,35.49929225153679,59.95545195788,10.384197244626925,0.07444237295695261,-0.30221901961704234,10.76387231761408,-13.372274155527942,5.012500846468191,4.738720638529788,5.478680582187881,2.3872083493127283,0.5367423839572496
132.0,-146.25122798868094,31.116428432768497,59.2244811378091,10.830877020418713,0.06436666146642311,-0.2990057021297642,10.784496735425822,-11.47530314703506,3.8221399561027765,4.2955651484169,4.091937432235629,1.5551624593413775,0.5367423839572496
132.5,-148.5670723475618,24.528975050119755,61.02927210502979,10.539447810949458,0.06572830738790203,-0.3143761018968416,10.81490564121298,-10.59093455196532,2.2175762327020734,3.7942206259174593,2.3849915013635363,0.5309949008181218,0.5367423839572496
133.0,-149.34685742025496,20.31589792029319,59.72209373312118,10.373613992601133,0.059424111854312164,-0.3185843136231601,10.857191981861499,-10.05806162194371,1.5719394518484384,3.6662993700887814,1.394040274649841,-0.06357583521009524,0.5367423839572496
133.5,-148.62543425254748,16.828051989989586,59.62849568624364,10.54007485668302,0.07946761609113254,-0.3166685303429379,10.894681906971792,-9.422724918831303,1.987482164671827,3.0590627297444337,1.5420605066690563,0.02523630400143384,0.5367423839572496
134.0,-148.64831654432643,10.28619412562025,60.796507844894265,10.185511076104035,0.06715975904527846,-0.32971579505956305,10.927239435992767,-11.033474549938042,2.4899814658469936,4.219137265188837,2.3269785030993884,0.4961871018596331,0.5367423839572496
134.5,-150.93222148959546,4.4092987092458795,59.94934411223123,10.34267815866897,0.07055685486904677,-0.2995075434319572,10.970661614856523,-10.461149276786783,3.123803400786672,3.93949836926942,2.810951011288009,0.7865706067728054,0.5367423839572496
135.0,-149.3142317171547,-0.8896354034873059,60.66830159512178,10.454972412290006,0.08680788732853924,-0.3119510964095724,10.993728988725938,-10.209476118308828,1.7578504111644138,3.8381883313503375,2.4743664822512903,0.5846198893507741,0.5367423839572496
135.5,-149.94912654330994,-4.669698495056769,59.94018486274822,10.309070329010856,0.06244641381122216,-0.31564003066518925,11.031188311979156,-9.801020861124384,2.0158241464860556,3.990186850848496,1.6814517130690874,0.10887102784145242,0.5367423839572496
136.0,-149.49404717404175,-9.431527302724293,58.612310802450246,10.282310957789395,0.07626788773458347,-0.3202893346968724,11.061505387575815,-9.934351148848611,1.5495876751327213,4.224100399754196,1.3480895742833696,-0.09114625542997823,0.5367423839572496
136.5,-150.11397230722406,-16.720817146278858,61.38193462930248,10.680786150112116,0.06954502201822031,-0.31442775697109,11.096076109588035,-10.258202938204622,2.3248801663294345,4.481557114521195,2.1049954539728266,0.36299727238369606,0.5367423839572496
137.0,-149.22256056546937,-20.35790586156044,59.3347817818669,10.584440345014697,0.055784553678402335,-0.30348297199501334,11.14734909160548,-10.178661727241941,3.9636410820902066,3.6356230742242794,3.694828722173939,1.3168972333043634,0.5367423839572496
137.5,-147.40796612195274,-26.362136627077103,58.70474254390547,10.602771836923829,0.07557913033712431,-0.30285990283972347,11.157566097527527,-10.766476399210122,5.848872491519737,3.982030323795148,5.139444820852327,2.183666892511396,0.5367423839572496
138.0,-147.27771230361117,-32.48032114279572,59.5731843794537,10.587459909157193,0.0836975515888116,-0.3198351169640932,11.197745793111913,-11.59063351515347,6.826565746398199,3.9606671119161865,5.540154523776831,2.4240927142660986,0.5367423839572496
138.5,-144.77017863197588,-35.826917650715494,59.804536915856374,10.32034517428753,0.07267169840454205,-0.31863670891477736,11.267511323504095,-10.327951992310556,5.277160316789009,3.751935370447968,4.819090858045195,1.991454514827117,0.5367423839572496
139.0,-142.98564901587645,-41.874458649195596,60.40086834609797,10.404552997500524,0.08554952372762242,-0.3101299785862898,11.27581625532432,-10.043666801740084,4.241364110308514,3.320195338079791,3.7595343641460315,1.355720618487619,0.5367423839572496
139.5,-141.4748051453523,-46.43937846239019,59.37136298449378,10.37544134322338,0.06897997630142819,-0.30263621053663264,11.316808489041476,-9.607980556927934,3.6670921434605535,3.6809798879775557,3.314043619696802,1.0884261718180812,0.5367423839572496
140.0,-141.16158434296293,-50.52717790893681,60.69942214313525,10.265569012230005,0.06410409623089369,-0.323118317423677,11.345778464245502,-9.183897882367242,3.6244697931821865,3.532418511838092,3.7868443096295956,1.3721065857777575,0.5367423839572496
140.5,-139.5850429798385,-56.482531746838276,59.66359332525049,10.598451658469378,0.06879673408415068,-0.3140837931992047,11.37394153981663,-10.307315552022368,5.503332692110041,3.631207575959124,4.603315362529307,1.8619892175175843,0.5367423839572496
141.0,-138.2644062434014,-60.771361939302736,60.54078308464554,10.846064562825177,0.06358790928406079,-0.31406320332865084,11.413235766580367,-9.020672877344841,6.196504386775033,2.721008937544877,4.862015769754169,2.017209461852502,0.5367423839572496
141.5,-135.55128752179772,-64.97113338289964,60.776398384690985,10.483285443437888,0.06395978841965753,-0.3089937771010548,11.448233802346138,-9.23111064482971,4.796545429072454,3.7041079224479097,4.177198651948253,1.6063191911689518,0.5367423839572498
142.0,-132.57643818438012,-69.54388303143779,60.464316771886885,10.618373119510085,0.08205016403730582,-0.32111880071645027,11.473320511872314,-9.412265524359132,3.1850880817910463,3.5895096954344736,3.064642077838231,0.9387852467029386,0.5367423839572496
142.5,-130.0279147992918,-73.85526478494039,61.0947755150121,10.338506963021398,0.07693549958483428,-0.32276609586406435,11.535670368857586,-9.120752928316787,2.7924971365590956,3.207022058711469,2.524443999865227,0.6146663999191361,0.5367423839572496
143.0,-128.3821259677161,-78.98159497613497,59.3732791568827,10.55781187499407,0.10642596820079869,-0.3255326013202903,11.540912369715283,-8.825357135135407,4.016632079366745,3.262748538746177,3.1799934219700106,1.0079960531820062,0.5367423839572496
143.5,-125.83047381722322,-84.42094475716543,59.14110741668995,10.531436787297038,0.054541758357941825,-0.31293425121289714,11.565499397311283,-9.269191341065381,5.051197741675123,2.7538463318502315,4.724315500616571,1.9345893003699424,0.5367423839572496
144.0,-121.10808500272016,-87.45274884712256,60.60190698617014,10.422109131815013,0.08633319568657877,-0.3141793547968963,11.627070716236279,-8.322348950413751,6.904943616442977,2.685946652811622,6.159541844596152,2.795725106757691,0.5367423839572496
144.5,-118.85565975967235,-92.01192783492078,59.924787860731875,10.59325767440628,0.06744189281580196,-0.3210942768898728,11.646124137485065,-7.87649386797612,7.361115390447828,2.395368504935027,6.624245588029189,3.0745473528175133,0.5367423839572496
145.0,-115.35502551568214,-97.54334195459076,60.816977831375304,10.553557062582804,0.0687621655703618,-0.3184412466185109,11.694137224526688,-7.6768726660482915,6.663265711475797,2.2817688201894417,6.091415653230742,2.7548493919384454,0.5367423839572496
145.5,-111.8597156010185,-98.85925177660518,59.99910422240169,10.608798371362495,0.05098139509027927,-0.3104169481217307,11.748976353863068,-7.473230699900403,6.365499958545922,2.3970345584099193,5.334842306937892,2.3009053841627347,0.5367423839572496
146.0,-108.47856568258706,-104.01932404931604,58.98163805700821,10.42522959687352,0.06763790710425167,-0.32124090421381896,11.772928807331581,-7.5960103541817965,5.600118691777324,2.249407661928392,5.202646446382252,2.221587867829351,0.5367423839572496
146.5,-104.79564875520383,-107.20522944544201,60.94254788225375,10.359366819226208,0.08544907608075802,-0.3220679046252755,11.769737419710832,-8.13640396032564,6.637085728704093,2.4174575195722086,5.842196988939011,2.6053181933634066,0.5367423839572496
147.0,-99.05546271907984,-110.45959586521838,60.01955897753583,10.647366028326502,0.07131412210789173,-0.3155426260246594,11.835711171783498,-6.528986649766991,6.988972779521363,2.619955910265109,6.560610931919216,3.0363665591515296,0.5367423839572496
147.5,-97.35388225380038,-114.3027769538675,59.76434499627071,10.764617034368982,0.04803814481674114,-0.3364454046879666,11.857577210865317,-6.7259942804753985,6.646400604874788,2.3901562799284313,6.444859164574563,2.9669154987447377,0.5367423839572496
148.0,-93.3644929907366,-118.22355972435528,60.24354841825105,10.467104363378358,0.06667639804614046,-0.31386262837813705,11.88639086835441,-6.704315994258006,4.9104094310418045,3.2383834546735897,5.1963995322101,2.21783971932606,0.5367423839572496
148.5,-87.34534499155168,-121.39519145143501,59.97540493419157,10.816925122408202,0.06827069121687811,-0.3129118024877665,11.941382158181955,-8.070275239839882,3.1460517918908475,2.654704608725053,3.4438736572723316,1.166324194363399,0.5367423839572496
149.0,-83.9507201365414,-123.11945016189895,59.84350213535385,10.679533566144928,0.07710188592535776,-0.32799655755964024,11.968276935446989,-8.18426730587065,2.4252253319763692,3.19486665438754,2.2519299330821783,0.45115795984930696,0.5367423839572496
149.5,-78.97530634681834,-125.90529335189218,59.95276622615596,10.421857401958931,0.09941698578673941,-0.3192423225094973,11.999838884162413,-8.630677869128304,2.6224722457499112,3.392162302928006,2.247009496565364,0.4482056979392186,0.5367423839572496
150.0,-74.00078184250117,-129.35365681957157,61.57290197710047,10.582920192713964,0.058177764571579506,-0.3169381099150988,12.037928326154464,-8.378628976350603,2.9904284186232526,2.7809460677163007,3.116651549889241,0.9699909299335444,0.5367423839572496
150.5,-68.53291687041997,-132.7247338823011,59.66307761387428,10.165266272515254,0.07562928037214625,-0.3038208352542838,12.071743818877401,-7.374708037842959,3.691926472197411,2.7817702155801505,3.913463556762272,1.448078134057363,0.5367423839572496
151.0,-66.73598545793698,-133.61811825381324,60.32154262646305,10.512918875195489,0.0664049349675066,-0.3159437911165466,12.112723622954086,-6.806878446213577,2.7259947275373926,2.334739640311885,3.8930807151032942,1.4358484290619764,0.5367423839572496
151.5,-61.090364125766534,-136.57433130028073,59.01639408211232,10.461175723100009,0.07812647484518288,-0.3027282284275952,12.152589545785052,-7.390131625220095,2.368933761372761,2.5184096974379955,3.151403173994792,0.9908419043968753,0.5367423839572494
152.0,-55.183224330082425,-139.1728009902982,59.28815680852127,10.685509432805734,0.06923183263326112,-0.31205596596433466,12.178486749488567,-7.628988855050809,1.9074967403183647,3.2895818227728255,2.505966153197136,0.6035796919182815,0.5367423839572496
152.5,-50.50633451935242,-141.70128436920461,59.27717244273898,10.424607089042725,0.07359315504665599,-0.31888396265159297,12.205384234350955,-7.747322241176901,1.6833406310844883,2.6668250365770723,2.7315772477361406,0.7389463486416844,0.5367423839572496
153.0,-45.40978847598751,-142.49908701127362,61.97744726084438,10.345177442219342,0.07617218964123629,-0.31719682704050967,12.252254628446149,-6.651757238889602,2.8615992294849995,3.287403037078173,3.828136358430873,1.396881815058524,0.5367423839572496
153.5,-40.658366526007796,-144.0230539126565,58.7431218059435,10.629179948608565,0.08245737086584715,-0.3008847424718497,12.278141603730287,-5.797949290851299,2.9409511547981744,1.7492453059587099,4.971189623685605,2.082713774211363,0.5367423839572496
154.0,-36.66141754475602,-146.4314013213499,60.18356829156674,10.617386980578209,0.0689159419035565,-0.31908969822970795,12.329766723116194,-5.914656318348256,3.2582940568611303,2.1480574802871515,5.197091463498115,2.218254878098869,0.5367423839572496
154.5,-30.196225381471997,-147.25418948636016,60.749901573535716,10.56067362129385,0.06617511319752983,-0.2950352457984479,12.345058281705482,-5.718159239713493,2.4355897514015044,3.0865228338434534,4.2291188844769,1.6374713306861401,0.5367423839572496
155.0,-26.860039873566166,-148.1389537354652,60.624944964178994,10.35002940826995,0.08540989865672663,-0.31489979730383205,12.392305349584396,-7.09792857866373,1.459004561533881,2.407042091267917,2.7242289560593407,0.7345373736356045,0.5367423839572496
155.5,-20.687869189488573,-147.5678243780374,61.29278593932964,10.284664120359823,0.08254984509782444,-0.3111507635445924,12.434585834876655,-8.421212508305894,0.557897074074686,2.899681145651009,1.7238294874221185,0.13429769245327106,0.5367423839572496
156.0,-15.412430280839208,-149.02987365997316,60.55012198760721,10.527431400811846,0.0801055018125494,-0.311618300491557,12.46747973533204,-8.13680596996047,0.7385322920219731,2.913782524842132,1.785422730574374,0.17125363834462437,0.5367423839572496
156.5,-9.928736913389933,-150.1703526814314,60.041465679194275,10.76780490475755,0.0678562818826096,-0.31967283059178214,12.484777211620079,-6.974424543828198,1.3971626782502897,3.094463166202745,2.5485053678980556,0.6291032207388333,0.5367423839572496
157.0,-5.3863210626298645,-147.48321412077584,59.81797646770942,10.507847904660997,0.07705901062305431,-0.3183247859329621,12.535363013466716,-6.580943057281948,1.2364748200909064,3.3321616234661344,3.105968752228537,0.9635812513371222,0.5367423839572496
157.5,0.21638830888809502,-150.72719815561098,60.334799259640306,10.367242293006091,0.07298310231839625,-0.3205287369100042,12.558239393371375,-6.151344676140312,0.9264692106953648,2.288983888731061,2.846430391313486,0.8078582347880915,0.5367423839572496
158.0,5.193670233794052,-149.47129042677116,60.44383721738025,10.293717183776238,0.0814721231098924,-0.3209122266987243,12.60484228338669,-8.168257052877044,0.25649256185997915,2.7709379257086884,2.021671711764159,0.31300302705849536,0.5367423839572496
158.5,11.314838652705285,-149.0837181781905,60.7813322959825,10.52897900682327,0.07479831755735551,-0.30602455415895685,12.617739604924045,-8.032153313427667,0.22016762571793466,3.4890959597050903,1.5366542678345372,0.021992560700722308,0.5367423839572496
159.0,14.889625366518533,-150.37671612555383,59.43035666705363,10.26766788733808,0.08030243202842512,-0.3069326449582446,12.656765311448307,-8.070721430996059,0.1351038379625692,2.9296660418802425,2.1439338028446184,0.38636028170677106,0.5367423839572496
159.5,19.738323731097676,-149.19767854836158,60.06900306898,10.409235253411406,0.06202347707718459,-0.31537195687960334,12.717082093687479,-6.539016732769581,0.9291793701638766,2.8320588952070436,3.7497481715955767,1.349848902957346,0.5367423839572496
160.0,25.588290897352724,-146.79036630038604,59.755038336822764,10.389723681286226,0.08595287694968974,-0.3096671502876144,12.737313278748925,-4.135172408493517,1.639611703612213,2.2114335913916623,5.444783786660958,2.366870271996575,0.5367423839572496
160.5,31.219718476089046,-146.7713526537546,60.56331851331183,10.62225060739839,0.06365098067305237,-0.30350950661360104,12.780693508081185,-3.8865922988888455,2.028164152343729,2.344384218205379,6.240611497709164,2.8443668986254984,0.5367423839572496
161.0,37.42987215373139,-145.47606183611737,58.67079606420919,10.254061879951655,0.055075047886906814,-0.3114880524420539,12.804517522060229,-4.087037117775692,1.2339464994189817,1.9151343938839478,5.876124817264818,2.6256748903588907,0.5367423839572496
161.5,40.98650127632557,-142.9813578442516,59.1397692958229,10.299236481954784,0.08349474994589867,-0.319235354023817,12.851338833565999,-4.291285306242236,1.0520411448579992,2.348393853390722,4.996872634659451,2.0981235807956704,0.5367423839572496
162.0,47.243476921635086,-143.34063193598092,60.207633412457234,10.499850698593814,0.07709097983894234,-0.3090790738021948,12.884058481778448,-5.427156023732315,0.028922366244489295,2.5059409268053496,4.5577886642545336,1.8346731985527203,0.5367423839572496
162.5,52.22252297161645,-140.9896794652366,58.875868511458435,10.42136104885005,0.08450391845350728,-0.3180377773137023,12.919017916589159,-4.893494158014816,0.9876093345891284,1.748987317976404,4.977133798947845,2.0862802793687067,0.5367423839572496
163.0,56.27694797454473,-139.95132404668763,60.264415622870075,10.34920087160442,0.09126651914016973,-0.31929537309530975,12.954480975722555,-4.74004618708933,0.33540318998866314,1.6612207467398796,5.783741512991828,2.5702449077950966,0.5367423839572496
163.5,61.875656837072874,-137.2928135916892,59.85801801032513,10.412017503522513,0.07043667754456959,-0.3342321142290509,12.973395500557448,-3.1294969083450868,-0.5777695188446121,1.4149973920243115,6.063817342490504,2.7382904054943022,0.5367423839572496
164.0,67.15056951219483,-134.204223932478,59.55426357835752,10.317699875824788,0.08804746758386704,-0.32191392889749043,13.03072348831153,-4.7771777834303535,0.24909563027638054,1.834754115668045,5.309935761359338,2.2859614568156026,0.5367423839572496
164.5,70.24701952742247,-132.22026358506292,59.60420125557943,10.494706631330768,0.08018761964219952,-0.32026436303233535,13.061559329435134,-5.698414822687198,-0.3947684521339212,2.346367687287185,3.9202912638854883,1.452174758331293,0.5367423839572496
165.0,75.44020299442683,-128.2543712454806,60.751536337438544,10.405390266503163,0.08460717494704517,-0.28181644128599415,13.095372494491375,-6.834142136689425,-0.2630380642990392,2.5327296566019495,2.901635347139108,0.8409812082834648,0.5367423839572496
165.5,79.08295422162692,-126.68912324168824,59.86066035022304,10.588059189102458,0.07583410441939574,-0.30277146720641035,13.133914868396204,-6.946626325878689,-0.8509840401429262,3.2541311947967473,3.027363455550276,0.9164180733301656,0.5367423839572496
166.0,82.59393006597571,-124.60615903438288,60.13241236961341,10.432785853309788,0.0825425178183316,-0.3046287047905664,13.162755616729255,-5.436197092497549,-0.8010389876024903,2.2294166211145767,4.181446242425824,1.6088677454554943,0.5367423839572496
166.5,88.182980793183,-121.38029255625702,58.49154167644522,10.227769179873295,0.0702241963428532,-0.3135706811361957,13.191742645412093,-4.351515408240918,-0.9677176454209864,1.662807968382211,5.459265538587239,2.3755593231523435,0.5367423839572496
167.0,92.07068546617931,-117.59032151660693,61.35004243158931,10.334418169996864,0.08257705985966597,-0.329534887497433,13.22716238607648,-3.6952858124259955,-1.3575636432221243,2.0937559913209967,5.937212199488411,2.6623273196930466,0.5367423839572496
167.5,96.47009592302156,-114.57040820402574,60.66053676264293,10.496817334500875,0.06594917118233351,-0.31777373962053385,13.236188002622356,-4.6016398265710565,-1.7170696529626401,1.751799183446847,5.440868734680111,2.3645212408080662,0.5367423839572496
168.0,100.32483460819253,-113.27909492367121,60.172406375441405,10.490680103613679,0.06466524452785899,-0.309073142471904,13.285985385320593,-5.298296294779049,-1.6302493808124936,2.515838681865654,4.645890253395599,1.8875341520373596,0.5367423839572496
168.5,103.99462422883238,-109.1299879020331,58.81823362923117,10.430261068017792,0.0682721823647183,-0.31424597210073185,13.327945927628406,-5.380390196212832,-1.7288406891832155,2.1740723150634453,4.43205099898396,1.7592305993903758,0.5367423839572496
169.0,108.08165791985084,-103.93884779378998,61.5027033055945,10.395350328108025,0.06738182986440766,-0.314928732103806,13.37368442981272,-4.99166575803492,-2.164695152537192,1.795670613325778,5.065476624863518,2.139285974918111,0.5367423839572498
169.5,110.61276189143477,-101.75087629872787,59.36345692666353,10.397824519438572,0.06342151323400017,-0.30804586695245634,13.410423274318296,-4.453904700906455,-2.571443410435973,1.4484899260641422,5.933479388722759,2.6600876332336556,0.5367423839572496
170.0,115.2258519884086,-95.75819114128957,59.429562334646945,10.465924153985878,0.08540163043423536,-0.33003155404475304,13.425970112595657,-3.8367673058492096,-2.1538948951788335,2.273762523773662,6.069984466091597,2.741990679654958,0.5367423839572496
170.5,116.44546604379052,-93.96717894368354,60.1035276295167,10.656234667216136,0.07063700858515028,-0.32573954430674673,13.474628080977912,-5.237613851018476,-2.145632341176302,2.517927595828087,5.013711540071243,2.1082269240427456,0.5367423839572496
171.0,121.35894437988111,-88.2600558397169,60.851449748997744,10.590851623716869,0.06414042315694844,-0.28468644054866105,13.512778097558154,-7.039631950544067,-1.6058310003535663,3.693383322925746,3.246040522156156,1.0476243132936935,0.5367423839572496
171.5,123.07159110005304,-82.75615921279812,59.72728273644399,10.760727432226355,0.07550875739140511,-0.3275555816291839,13.549265370124138,-8.902209878161756,-1.1111676969999071,3.378159835465738,1.820044531987822,0.1920267191926932,0.5367423839572496
172.0,128.79302266358042,-79.45067909880888,60.051182169095085,10.466312256798698,0.07047594649392074,-0.3025771945582818,13.575217139688354,-9.187229267201905,-0.6646629529127432,3.3979247425670844,1.497815642905186,-0.0013106142568883872,0.5367423839572496
172.5,128.638761942457,-74.43664772390146,61.5526935513455,10.587807233568855,0.08193928653521673,-0.2988513402730117,13.6047078047051,-8.374660015021615,-1.741977001612567,3.347017462357148,2.142368362594056,0.38542101755643365,0.5367423839572496
173.0,132.52359541932168,-71.55084723596462,58.947976715569794,10.612435574518175,0.05992311722406675,-0.30901278587183967,13.670087803632335,-7.328429974080327,-2.5858552016948995,3.749686103488447,2.8874563356314304,0.8324738013788582,0.5367423839572496
173.5,133.582866988452,-65.9982333117301,60.87641792919665,10.474734644301677,0.08015075834012331,-0.3278680766904221,13.689777012535167,-8.587793606681767,-2.0971061470241996,3.6690137312314945,2.928843567622237,0.8573061405733421,0.5367423839572496
174.0,136.6326686064205,-60.299019458352305,60.779801452069265,10.436386554101368,0.08810533567605491,-0.30500317285921585,13.729612051036796,-8.285645750692229,-1.5188207868455417,3.500586209689059,2.239068541587047,0.4434411249522281,0.5367423839572496
174.5,138.10768355057036,-56.955238219442606,59.774388414451835,10.561179043671507,0.07691511319531673,-0.29907111111534657,13.752756806168536,-8.838597321417328,-0.8001899204690721,3.566940587818386,1.5783369125788713,0.04700214754732279,0.5367423839572496
175.0,140.75907068450636,-50.245312783587536,60.50867467061275,10.316482077091287,0.06191991536615902,-0.31246778315704543,13.805360080954797,-9.115414414513818,-1.204090208366697,3.80772253518139,1.7944555620592548,0.1766733372355529,0.5367423839572496
175.5,143.06704380364383,-47.467617277869884,59.499500714878884,10.570498290973998,0.08565157666590734,-0.31042332222313035,13.819819191648431,-7.915818523510079,-2.3756157841024566,3.375856064174952,3.0307945184260983,0.9184767110556591,0.5367423839572496
176.0,143.6073601982205,-41.31333424810626,59.75018544431468,10.45515092694939,0.05778223238214429,-0.3237982554982701,13.874336480346335,-6.797813831393667,-4.107965928804626,2.557165629007306,4.544241286179393,1.8265447717076353,0.5367423839572496
176.5,146.79330816794067,-36.43769084779356,61.04559964272321,10.34985001466806,0.07807204250656907,-0.30922434210441435,13.878833213410596,-6.140508930846119,-4.498954353425327,3.3021738504536002,5.301922560525135,2.281153536315081,0.5367423839572496
177.0,146.86377958807878,-30.90515125951378,59.876773346739306,10.55724215780517,0.07862301944813056,-0.3169489690068546,13.9209304930751,-6.408139316553581,-3.730742923835116,2.876006928724341,4.842923690755537,2.0057542144533222,0.5367423839572496
177.5,147.12701986807028,-26.994974364969455,60.82704755311918,10.348024035441641,0.05654134254291877,-0.3044532529288849,13.959987514086043,-8.051356601771483,-2.9895678862326034,3.6020062951954874,3.6572119999695674,1.2943271999817403,0.5367423839572496
178.0,149.1143907982356,-20.785268713589744,58.995156165705566,10.599604647544858,0.07260771066049389,-0.2996945453328538,14.015097860665241,-8.469544485647278,-2.779105519504698,3.755061532332016,2.7537520363098227,0.7522512217858937,0.5367423839572496
178.5,149.75885069189593,-15.051306059197847,60.290610463398025,10.271343957972041,0.07362833185365115,-0.32053007487836227,14.01257205176137,-8.661098120217174,-2.3730822761788857,3.803482802198468,2.7962365319393014,0.7777419191635809,0.5367423839572496
179.0,150.1506208904257,-8.819834985922128,60.06276010462233,10.389924803839229,0.07374087437998032,-0.31092340025291004,14.088636354629125,-8.743137570619307,-3.1398332151976285,3.2573044107594584,3.5598364247054066,1.2359018548232439,0.5367423839572496
179.5,149.8689518065588,-4.157065912084313,61.44079248055099,10.68138924735269,0.07907956565705956,-0.31810295607641687,14.128364256483348,-8.277267261896947,-4.069768867443575,2.8812462042798783,4.178090303754309,1.6068541822525855,0.5367423839572496
180.0,150.77459647389705,1.9342444288930833,58.8883813182255,10.466139006748046,0.08965656108083367,-0.3134248079281302,14.14560840288459,-8.96938926253441,-3.185638528730017,3.851414762372893,3.955007919690228,1.473004751814137,0.5367423839572496
180.5,150.42471420299324,4.622528264541214,59.53644793153464,10.432144440771593,0.0695334514476111,-0.33356098615693697,14.181097840042481,-8.608926781186804,-3.029015629091518,3.836094552673929,3.021855026836415,0.9131130161018488,0.5367423839572496
181.0,149.89722670863844,9.961409268650044,59.29325987512989,10.566595536587881,0.08540393453584381,-0.31482811656233795,14.228155586649708,-9.497150866984482,-2.3273460379381707,4.244296459524528,2.255082616490125,0.4530495698940751,0.5367423839572496
181.5,149.75978259619814,16.63175003324237,59.477762964923365,10.270066312789229,0.07305403855713821,-0.3159546837958502,14.228370030146994,-9.556878333968617,-1.8262288564557116,3.9037231452971675,2.5213194178121046,0.6127916506872627,0.5367423839572496
182.0,147.2955387819036,22.207785991008393,59.927744791795895,10.479723269133075,0.0676069682723446,-0.3170285004114611,14.261322950686766,-8.452022396143594,-3.9393581040923986,4.243974918257128,3.9080625677643615,1.444837540658617,0.5367423839572496
182.5,148.86478853148597,26.252582249273917,60.68258613029526,10.472621658317454,0.08191695686211087,-0.3076321765763615,14.315343427678329,-8.489900606474652,-5.026578953098832,3.4126959432814012,5.615008498636452,2.469005099181871,0.5367423839572496
183.0,146.73404881023697,31.508706225338557,59.6564218832844,10.492506510069386,0.07768264769726471,-0.3159273807766018,14.330040283369685,-8.246505379817783,-7.22296949672518,3.1564450676825206,6.605959725350157,3.063575835210094,0.5367423839572496
183.5,145.9346656150151,36.70964277363386,60.453736565615756,10.483926422856113,0.054148607190664416,-0.3284118012993975,14.402179704591928,-8.900822820925255,-6.504635089067733,3.6068380988809383,6.457939493330912,2.974763695998547,0.5367423839572496
184.0,143.68265102892897,41.794836296245585,60.10941929385336,10.67450101965528,0.0696921525607816,-0.32515664207962514,14.41922374631204,-9.416172189109117,-5.717726125895049,4.852146804534532,5.67302149690066,2.5038128981403958,0.5367423839572496
184.5,143.2331557537884,46.28406331804912,58.44899789839718,10.287960201783232,0.06053968133497631,-0.3007258899829468,14.443055900181555,-9.561273805647348,-5.3945922468112775,3.6274401520301107,5.189048988711992,2.2134293932271953,0.5367423839572496
185.0,140.91351385966118,50.58979793511256,59.407185136176885,10.430237446697404,0.06620601879666976,-0.30868912199127946,14.483801977006369,-9.494831862052944,-5.523222268572077,4.016648434662891,5.525633517748723,2.4153801106492336,0.5367423839572496
185.5,139.4539384694742,56.72554728723298,59.882341200393114,10.514103664274806,0.07523075474502093,-0.322346153500241,14.512126324841239,-9.226088698691644,-6.495337125664457,4.314711223158323,6.318548286930945,2.8911289721585662,0.5367423839572496
186.0,137.06878126704208,61.56762597402825,60.748087008818224,10.509026518088604,0.08392898944882285,-0.31521460922691263,14.57057051553559,-9.601081219223813,-6.816777087243731,4.34345339116857,6.651910425716662,3.0911462554299973,0.5367423839572496
186.5,134.2305053526748,66.31675268903743,62.27623551592611,10.400863440961022,0.07046178724744158,-0.3134158104375703,14.58627989607104,-10.167984846799609,-5.612626280631863,4.046237960019475,5.895004546027185,2.637002727616311,0.5367423839572496
187.0,131.17214466985405,69.81464503824972,58.633280085637324,10.666877551549009,0.08100287543114114,-0.28484090461097983,14.622019280364615,-10.885819365124796,-3.9729925731762488,3.9878176308382547,4.3051712778260685,1.683102766695641,0.5367423839572496
187.5,129.67818732943394,74.49454744873363,59.85763395540345,10.20396652288924,0.08232205177670943,-0.3165408086351684,14.655564027828524,-10.551080044765026,-3.027606642891585,4.31243216886306,2.8605551791476715,0.816333107488603,0.5367423839572496
188.0,126.85191725997147,80.09539780204538,60.24243862634617,10.584539045126514,0.08056845467717198,-0.31484042205085006,14.707921855154751,-10.245160808427737,-1.9313378838236455,4.489674449366361,2.4598454762231547,0.5759072857338929,0.5367423839572496
188.5,124.00406507257874,82.80381639125893,60.3362897006741,10.189111270380307,0.08010526514526384,-0.3027398693712915,14.720773753368535,-11.007313526764447,-2.7311676665141347,4.239598581919062,3.1809091419548077,1.0085454851728846,0.5367423839572496
189.0,121.65263568724552,86.68584951187974,59.2437947585013,10.398045169792317,0.08854140632922038,-0.2950491769722027,14.752755148150424,-11.014214527744842,-4.064891091481333,5.044499491802067,4.240465635853963,1.6442793815123777,0.5367423839572496
189.5,117.82010582258177,93.58820174561892,59.700168677825395,10.46448970330297,0.0819495107036455,-0.32962787031730945,14.798598911808932,-11.685584442221016,-4.915309448506162,4.81657941491976,4.685956380303194,1.9115738281819166,0.5367423839572496
190.0,114.65138187540427,95.81914175379623,59.82347514140697,10.532481948344987,0.07753988180485777,-0.30386619091459727,14.807808170160621,-11.474307437782667,-3.8943641543857708,4.469416591130166,4.21315569037037,1.6278934142222223,0.5367423839572496
190.5,111.68575605051036,100.12569666343401,59.57851744321026,10.426929273230531,0.07181574650398745,-0.30212966360207727,14.862539657843735,-11.172831043694591,-2.901243917107304,4.966224691336521,3.3966846374706767,1.1380107824824062,0.5367423839572496
191.0,108.66801537560646,105.18433909146157,59.94899658800748,10.303191985409002,0.07217998810385046,-0.3176051073547907,14.902432838434391,-10.895373516623668,-2.5387398162209927,4.4908573589082375,3.1379842302458236,0.9827905381474941,0.5367423839572496
191.5,103.42476350694949,109.61572751061918,59.85773941976905,10.446537556091384,0.06627323872759519,-0.2991728299417332,14.942969489292338,-11.285779332545298,-3.376920448534118,4.4455271254959925,3.8228013480517506,1.3936808088310504,0.5367423839572496
192.0,99.26340041758975,111.40138189407328,60.236826461634095,10.35034217039469,0.09376463776325394,-0.3132586852561927,14.950481537284729,-12.002931364512683,-3.530997487747879,5.103843762730984,4.935357922161774,2.0612147532970644,0.5367423839572496
192.5,96.89102666452533,114.31305572793494,58.916953984362515,10.531197202637891,0.0707385166517424,-0.31320080272857254,14.99022640057516,-12.72678898889646,-4.988938234232358,4.810739306378098,5.475556000134782,2.3853336000808687,0.5367423839572496
193.0,91.37748663700191,118.77290403985093,59.052992722351846,10.556404199993336,0.09158930547520616,-0.3321266440974418,15.033296950626172,-12.093441497155748,-3.604688950393874,4.976129400607457,4.820006578029991,1.9920039468179946,0.5367423839572496
193.5,88.18181736520948,120.53143039294991,59.6078893214085,10.51643296498349,0.06169554318229131,-0.3275498848284455,15.083851842076083,-12.111487701726222,-2.3428716439883344,4.111316528826494,3.275684499383433,1.0654106996300596,0.5367423839572496
194.0,83.48798946544176,125.4809283101767,60.258975116463255,10.363096778862907,0.0873277202861899,-0.32207237926908144,15.11513925395509,-11.479450789734186,-1.0291205500670384,4.168461445718102,1.8404581554038408,0.20427489324230463,0.5367423839572496
194.5,78.51548734790413,126.0764005645418,58.128201507434085,10.520132413340702,0.06332459779468871,-0.30758816463912364,15.132718469827624,-11.419594896386924,0.2689698861131419,3.9345475185803855,1.3757544119708465,-0.07454735281749203,0.5367423839572496
195.0,75.51385371720038,130.43383147149083,58.78214861551355,10.247476440457543,0.07196698078293863,-0.3311053016981715,15.20998227306366,-11.80719303208014,-1.2165405633744821,3.930202409095478,1.9085843467692767,0.24515060806156597,0.5367423839572496
195.5,71.5028095456889,134.3800972497058,59.6194007045499,10.531251483388301,0.06055919323346107,-0.3375842944037305,15.216714776867933,-11.830185414888604,-1.7663293241314957,4.576498964522366,2.6651576930621186,0.6990946158372711,0.5367423839572496
196.0,66.01413862471203,134.56620704730022,59.11870253634059,10.358644404154898,0.08135921998793716,-0.3140282215767544,15.26348052067638,-11.583708145742179,-2.089865801882291,4.046922808931143,2.797353553617744,0.7784121321706462,0.5367423839572496
196.5,60.165484134737405,137.63602006717105,60.281047740790335,10.69404346705558,0.08589725995871353,-0.31000726511623483,15.291269220782288,-11.095769269344114,-0.7503725390690746,4.409983148549154,2.1578030110610356,0.39468180663662134,0.5367423839572496
197.0,56.283133718909,138.83410570108379,59.32974139297788,10.465961275150311,0.08174869748406097,-0.3012049023777407,15.32346108248119,-10.618023343722465,-0.884199474116791,4.1697532651302645,1.4393890680807688,-0.036366559151538747,0.5367423839572496
197.5,50.72142600092446,142.86098194827176,59.947045893848994,10.347644237545937,0.07011688543693217,-0.31388739074286476,15.337924001125229,-11.438600655784864,0.09444491242338349,4.0046862543519905,1.5551408354254264,0.03308450125525586,0.5367423839572496
198.0,47.40016966545371,143.73068096503448,60.41359237772891,10.316767363363265,0.06962065451552463,-0.3166670004887019,15.385382963884425,-12.447757929434623,-1.6372156127188164,4.386676733734883,2.803600467789888,0.7821602806739328,0.5367423839572496
198.5,40.094639277715494,144.3647765265509,60.18767646471475,10.588259889993585,0.09219729220983919,-0.32115808838609705,15.431811345753486,-13.368711959170925,-2.7315717565241338,5.414857493743023,4.556126342727673,1.833675805636604,0.5367423839572496
199.0,36.550213216108126,145.33984717736124,59.713975913156375,10.335766147116605,0.06006354675804999,-0.3225988166013218,15.457103525111203,-14.90488098186648,-3.3066991979646603,5.970797229679792,5.748070066917798,2.548842040150679,0.5367423839572496
199.5,31.413506771259602,145.89485119844707,59.75606226324867,10.283979722614204,0.06715751764431334,-0.30785622886601377,15.49141550457536,-14.286771350674913,-3.372456480984098,5.353781402738365,5.752990503434621,2.551794302060772,0.5367423839572496
200.0,26.249790258275883,148.43733767361212,60.2186570052295,10.646918757945851,0.09783162247875461,-0.2991865661693929,15.530209919528167,-14.143415594959158,-2.294104525671836,5.027791065856216,4.8833484501107565,2.030009070066454,0.5367423839572496
200.5,21.165245561484795,148.74537743992238,60.54956293421665,10.472753479264833,0.09242806444257277,-0.31236902509723224,15.567153171793791,-12.90881517934961,-1.394681415748441,4.960770658762765,4.08653644323775,1.5519218659426504,0.5367423839572496
201.0,15.835574222898964,149.467734660925,58.914720119248706,10.501434702717507,0.0582337710521664,-0.32345199193895197,15.59314079547864,-13.747935606352415,-1.3887572393280965,5.032797955675257,4.1069192848967395,1.5641515709380438,0.5367423839572496
201.5,9.48402833358495,149.2652937766369,60.46980612939587,10.445911153561653,0.08061695966546022,-0.3217469847443745,15.639843022420566,-13.490745751327541,-1.9558736242591577,5.11492983994947,4.848596826005234,2.0091580956031403,0.5367423839572496
202.0,5.308666191396636,149.78768934831191,59.9749162394588,10.48112774027811,0.05927089258230048,-0.32423990812115155,15.671492847963393,-14.993834969010315,-2.375104669175832,5.5326645365253535,5.4940338468028855,2.3964203080817317,0.5367423839572496
202.5,0.711530765219703,149.92063061181915,60.319282564238605,10.45721290066731,0.06871500699875938,-0.30816829295095555,15.711897906424666,-14.50110986891965,-1.6056656894171415,5.733754709771848,5.2684227522638505,2.2610536513583104,0.5367423839572496
203.0,-5.038973123739429,150.75943119562558,59.478340344477765,10.139683494625457,0.06780596122260628,-0.3122593202025414,15.747218651735928,-14.100486131660782,-1.1032171191064564,5.1135477976413695,4.171863641569133,1.6031181849414797,0.5367423839572496
203.5,-10.639146253025867,149.50875327269486,59.87176564574158,10.39547893551584,0.08921405170306501,-0.32689107536845413,15.76914101065647,-13.64225440479671,-0.5208570454286768,4.600768155992697,3.0288103763143894,0.9172862257886335,0.5367423839572496
204.0,-14.79312761856102,149.86677832311057,60.062285379413844,10.58517205454187,0.07050558127156441,-0.30341303228393174,15.812476119244256,-12.808809073668126,-0.7394999859755506,4.501876389976594,2.802908536501879,0.7817451219011272,0.5367423839572496
204.5,-19.05473419237529,148.58949858818713,59.387715587903756,10.439026261175194,0.06197770544896483,-0.30837920720115736,15.829110592019923,-13.332722789924336,-0.16744006137649825,5.159271479230115,3.7708811155230357,1.3625286693138214,0.5367423839572496
205.0,-25.59527412720199,147.8579136487339,59.37750092651153,10.476450580034975,0.09376410461960015,-0.317842043210324,15.890619852242061,-15.955560913507968,-0.4577294334017306,6.07024361388108,5.275771043940669,2.265462626364401,0.5367423839572494
205.5,-30.739736794873785,147.16895225535688,59.48577314428742,10.36193906044082,0.08011608347725993,-0.32262722383771425,15.911027890591132,-15.80435582656087,-0.7198163207908566,5.6756642281533365,6.27617051257785,2.8657023075467096,0.5367423839572496
206.0,-36.804761621916334,146.13047059457185,59.20001217535168,10.3253885772962,0.07812211811344204,-0.3063383038468271,15.95138525903366,-15.825747293321399,-0.9117243875028206,5.822629256521609,6.214577269425623,2.828746361655374,0.5367423839572496
206.5,-40.531861494453686,143.57603803316474,60.27981745417205,10.517774755068281,0.07363981198409628,-0.3251839838152972,15.98083743506168,-14.914929324708071,-0.2899027815007394,5.256883452387787,5.451494632101937,2.370896779261162,0.5367423839572496
207.0,-46.46944038151767,145.42171456606843,60.22809907307382,10.211980355268764,0.07040073801492402,-0.2992887677776047,16.00284324764741,-14.785747279249295,0.6745900859624827,5.355266842737945,4.894031247771465,2.036418748662879,0.5367423839572496
207.5,-51.61975587037865,142.11750755065353,60.30085567705662,10.54037733928235,0.06560215145577065,-0.3213351112555089,16.05116795081431,-14.985968942491128,0.5787433308577088,5.849981110851076,5.153569608686517,2.19214176521191,0.5367423839572496
208.0,-57.256304820432845,138.0152321738233,60.42660161697101,10.547523055094585,0.060296891703037536,-0.3165213976799168,16.095120759412133,-16.42075309957388,-0.1807680084124761,5.740235851852691,5.978328288235845,2.686996972941507,0.5367423839572496
208.5,-60.16128144503902,137.51746139420655,60.05892527599376,10.354123957725852,0.06657249890624188,-0.32537377719505617,16.121492396068994,-16.417652200617667,0.46825681533802616,5.200806800187038,6.46334573216547,2.978007439299282,0.5367423839572496
209.0,-64.79206597707665,134.88247898311838,58.86639286951761,10.790226759725867,0.09905673381691538,-0.3144623424710534,16.16577360927784,-15.749200318566237,0.514366631749263,5.4403342488508075,5.856066197155372,2.613639718293223,0.5367423839572496
209.5,-69.61816972218931,133.09968868972604,60.461031353374565,10.519719192363947,0.06387991695005162,-0.30078100047527795,16.187826193959342,-14.00028717833097,0.3455073221878763,4.377008146120227,4.2502518284044175,1.6501510970426507,0.5367423839572496
210.0,-75.64727941375601,128.31247651062793,60.43248760235766,10.420445154142122,0.09658806601048259,-0.2996078243587278,16.22886741695397,-12.196129241611004,1.3745040521021028,4.854155239098308,2.555216213339031,0.6331297280034186,0.5367423839572496
210.5,-79.46054746240111,127.4477062688755,60.443101056223064,10.414008647632015,0.07299305885068724,-0.3154167951046876,16.280918198954957,-10.867702385992061,1.2798214767871596,4.763545542028708,1.7593885022908422,0.15563310137450537,0.5367423839572496
211.0,-82.5805567617085,124.7896482380847,62.616820897771674,10.60771328977006,0.06189899055692068,-0.3213780719594893,16.30576085422842,-11.528215204205368,1.8811249452837702,4.044106267149439,2.123875182735185,0.3743251096411111,0.5367423839572496
211.5,-87.2378174401253,121.91626742201868,59.23120292646055,10.568093282103872,0.08912864782802522,-0.30128580478199507,16.34256063307552,-12.536889498619802,1.458237461418224,4.54367728882121,3.0031273653405606,0.9018764192043363,0.5367423839572496
212.0,-92.32431341649266,117.52279306072627,59.161126684137926,10.69182453721778,0.06651132686029135,-0.31183310195458336,16.370906102847755,-12.980280545712578,1.7301128008056912,4.484296431131681,3.442211335745464,1.1653268014472784,0.5367423839572496
212.5,-96.63231011461895,114.55992488002146,60.38590898986596,10.416557211292416,0.055154742225901346,-0.3224377227578432,16.416368739070055,-13.16257144139251,1.9759246155355346,5.067231007132285,3.0228662010521474,0.9137197206312886,0.5367423839572496
213.0,-100.13614073988768,112.36699348948996,59.626568649565186,10.444358572148403,0.08347395609348249,-0.3211875191064732,16.436000114266342,-11.913224837446005,1.6031649880073495,4.65110287380541,2.216258487008232,0.4297550922049391,0.5367423839572496
213.5,-105.21575489677947,107.03480459296826,60.31567953709643,10.328206646111688,0.0936981740149281,-0.3100361868077101,16.471856567622385,-11.022920609868416,1.3842967959629855,4.002988553976495,1.9361826575094963,0.26170959450569775,0.5367423839572496
214.0,-106.7742109754005,102.16738923485315,60.638287360223416,10.534052619837814,0.0695303064602348,-0.3184563434503028,16.528536606739753,-12.309237248951062,1.5301966002925622,4.3176832957508315,2.6900642386406717,0.7140385431844031,0.5367423839572496
214.5,-111.8252084474435,99.11050380939996,59.30744145529459,10.443746733408316,0.08780472886019816,-0.3133762046542888,16.55044508389495,-13.57528534398301,2.12731377001392,5.370638017191831,4.079708736114521,1.5478252416687124,0.5367423839572496
215.0,-115.26136237146842,97.29505534606515,59.422111712906094,10.11526741755336,0.06815866191235093,-0.3140519623348755,16.580630722469525,-14.392440292592376,3.6345814318294267,5.186270827190698,5.098364652860895,2.1590187917165373,0.5367423839572496
215.5,-117.94057388626302,92.37952529444044,60.03476001948117,10.925542729859336,0.07696218629387941,-0.3144595836852349,16.614983526435907,-14.052160148542852,2.82513961047001,4.65795358823831,4.97263654444972,2.0835819266698317,0.5367423839572496
216.0,-121.92523511126704,88.2479021738391,58.80347179929971,10.206294786207199,0.07560628648298477,-0.323931980472939,16.645807498203673,-12.63280805175406,2.7863336973665334,4.804742188985127,3.818553757574168,1.3911322545445006,0.5367423839572496
216.5,-122.88611974739297,82.92543047185865,61.22284865143509,10.434494673103142,0.08508421444160597,-0.30811345102475396,16.676394269377013,-11.58409277462267,1.910449046206326,4.213059777755728,2.540734461412752,0.6244406768476513,0.5367423839572496
217.0,-128.83810282872184,80.38531695576836,59.93511427476051,10.549840961659502,0.06930981418087004,-0.3200269984198603,16.72400801401142,-11.418350169521501,1.0868619950184997,4.187018190138917,2.062787800511566,0.33767268030693964,0.5367423839572496
217.5,-130.0635160274079,74.08167769984799,60.071148432711425,10.765179389277662,0.05905008499518735,-0.3249163990126347,16.74729952873761,-11.238543744594512,2.0868259255438755,4.002190027788288,2.5591312653198917,0.635478759191935,0.5367423839572496
218.0,-132.16016893108807,70.69193002626352,59.70423940383298,10.582397151305138,0.06814144259312614,-0.33705526005804365,16.8002120313132,-12.068433826780183,2.706931135116169,4.294764897672039,3.3541097466044074,1.1124658479626444,0.5367423839572496
218.5,-136.06287500333886,65.28376695311867,59.09095770968597,10.273318180754444,0.09293783391807041,-0.304989422072494,16.801907445826977,-12.871543248449168,2.94921176954298,4.198526116243309,3.567949001016033,1.24076940060962,0.5367423839572496
219.0,-135.47600885626977,61.26052839255601,60.37985305829047,10.711529690943626,0.06713986849037466,-0.30659562817680514,16.855896691708274,-11.775725512569654,2.8620426990336663,3.602889725331099,2.934523375136478,0.8607140250818868,0.5367423839572498
219.5,-138.93166681323902,57.21574437941112,59.13966419470495,10.281986071506351,0.06471926952032452,-0.3263266560269204,16.897408270403957,-10.806463561166378,1.924668574269019,3.5839517562677115,2.0665206112772294,0.33991236676633774,0.5367423839572496
220.0,-140.99268023826278,50.93055207517946,59.45151440611339,10.21733216553826,0.09058771530623902,-0.3150213778450196,16.942993602848222,-10.838595819218252,2.1054368118099527,3.8666200290791743,1.9300155339083909,0.25800932034503465,0.5367423839572496
220.5,-141.5158067992619,46.244426270616266,60.59713457570637,10.675703134031725,0.06651140572673628,-0.3158855116861678,16.955522672699274,-11.045243044612242,2.985559775972794,4.219743417895459,2.9862884599287693,0.8917730759572616,0.5367423839572496
221.0,-143.26418135322857,41.95787740145905,58.86261812237003,10.247858661608161,0.06710149738888402,-0.32467195733604337,17.00712562944855,-12.764974232526242,3.8854486089214575,4.352593645990972,4.753959477843785,1.952375686706271,0.5367423839572496
221.5,-145.5868841318553,34.96398633676036,60.42306199470769,10.327604621413817,0.07834464745691595,-0.2941792754585584,17.043292407789522,-13.954705593996788,5.964032793731826,4.152124988708243,6.179955468012185,2.8079732808073112,0.5367423839572496
222.0,-146.45562608441077,29.46015389246556,59.97027137205289,10.47298569208122,0.06370245988182689,-0.31309838035822496,17.058034055754717,-13.72284578133075,6.103889474114193,5.12124209617625,6.502184357094806,3.0013106142568837,0.5367423839572496
222.5,-148.33607719580036,25.849717965377785,58.92461088238662,10.503792567135662,0.07863969147842124,-0.30798236802383866,17.13008402997492,-13.427439136697064,5.56712363248894,4.246569254508131,5.857631637405939,2.6145789824435632,0.5367423839572496
223.0,-148.23485788365184,20.833265268467127,60.86906073349843,10.349424214354666,0.06792563783794384,-0.30383207487893144,17.144772390920892,-12.515870496046835,4.9817995974084015,5.112342250761882,5.1125436643685624,2.167526198621138,0.5367423839572496
223.5,-148.93993776366628,15.07909423395423,61.42849659889704,10.530371320631641,0.08367345569120073,-0.32126292867874884,17.17940772184297,-12.234180296279476,4.964801334382226,4.463350336814779,5.071156432377768,2.1426938594266605,0.5367423839572496
224.0,-149.46204856786488,10.429935292624906,60.34484359407972,10.423939400620762,0.07678877406654497,-0.3135404414226209,17.20223372168909,-12.00846270279011,5.531745854067395,4.381713333733815,5.760931458412961,2.5565588750477763,0.5367423839572496
224.5,-148.50098623730491,4.512138475596105,59.411789390591736,10.39694328315254,0.06423072108310868,-0.3107719472664477,17.229474456820284,-12.980963959600546,5.895256926911481,4.329493770685476,6.4216630874211305,2.9529978524526785,0.5367423839572496
225.0,-151.19044539514547,0.8684875223793388,58.953866481292046,10.562804292749624,0.08273220689904007,-0.32150054770066805,17.295531210993847,-12.216378562522245,6.178837915431357,3.824010525330525,6.205544437940741,2.823326662764445,0.5367423839572496
225.5,-150.1185265574325,-5.3703985109920875,61.01779108941768,10.211153192587838,0.06654638054463721,-0.3132032392123629,17.323663018661918,-11.323892394914708,5.29124697082038,3.8481517896828006,4.969205481573892,2.081523288944336,0.5367423839572496
226.0,-150.47960353310577,-10.208783680359065,59.88969424884621,10.68669707905509,0.07517126662457746,-0.3032762270081692,17.336139146300745,-10.760281653700245,3.8852650822205734,3.513838992780634,3.4557587138205985,1.1734552282923592,0.5367423839572496
226.5,-148.45141486395048,-15.447162828477012,61.43538542346287,10.575559109707116,0.05869023742956998,-0.3142401747855166,17.387315621631327,-10.525368170921837,3.1444321542724056,3.277222800361622,2.6980774394748672,0.7188464636849203,0.5367423839572496
227.0,-147.6939424967324,-20.65809842310709,58.51776174794804,10.349114312365971,0.06426239401387071,-0.3082456360339689,17.418607926579156,-11.254985215229325,3.981638924220606,3.709339006744907,3.157076309244468,0.9942457855466807,0.5367423839572496
227.5,-146.92519847377793,-26.589258660364955,59.44923830591663,10.283427960660577,0.07813929227871586,-0.29550827422792436,17.47029468511257,-10.548017409335207,5.021876797519603,3.958546741699581,4.3427880000304455,1.705672800018267,0.5367423839572494
228.0,-146.20682144034924,-31.774012397178808,60.254782453437265,10.538864764216745,0.07200459666657975,-0.3089106240310458,17.489435881576608,-11.92278921278215,5.949941652042508,3.8861866156376794,5.246247963690178,2.247748778214107,0.5367423839572496
228.5,-145.62642769836634,-34.97455498640586,60.249098503297326,10.586117340848148,0.07896993617451233,-0.3032213718220348,17.5269027550367,-10.961308338567086,5.016974303141129,3.430465052548311,5.203763468060692,2.222258080836415,0.5367423839572496
229.0,-144.47173145588206,-40.70466067472446,60.11898254073622,10.403214270783003,0.08787522843822863,-0.3172507674866701,17.562909126075805,-10.065307588695907,5.556092257064783,2.930885822420463,4.4401635752945925,1.7640981451767557,0.5367423839572496
229.5,-141.97966455996217,-45.11583197241936,60.19205721011367,10.755544360957145,0.07132144125057652,-0.3062307403425609,17.602015893245046,-10.056340770878288,4.451460240944169,3.8915376217544964,3.8219096962457124,1.3931458177474276,0.5367423839572496
230.0,-140.35980915049808,-51.26771038151769,59.95673985916967,10.407158747898025,0.08022367519003455,-0.3153705885328236,17.629811355804566,-10.212754593781723,5.044939802451544,3.0316164342921237,4.0449920803097825,1.5269952481858693,0.5367423839572496
230.5,-138.99950357633665,-54.59819950847594,59.661853612118136,10.560607822989724,0.06741213079827343,-0.31992740662887537,17.680103960698712,-10.84455140983982,5.3115742481099115,4.312552316781751,4.97814497316359,2.086886983898154,0.5367423839572496
231.0,-137.9166066058616,-61.0440308471096,60.05396365285429,10.316974887567623,0.08324723494782849,-0.29489604543120906,17.70170751891399,-9.973075718964544,6.820486683041436,3.021658677057184,5.744917383509884,2.5469504301059303,0.5367423839572496
231.5,-136.22703404244024,-67.00777473396187,59.28284387510058,10.381158088785183,0.062052846487041166,-0.310879060114858,17.71998509371335,-10.65030818052222,5.8613589391152185,3.0483329936109635,5.478680582187888,2.3872083493127327,0.5367423839572496
232.0,-131.22651918539162,-70.91156846531507,60.70473877055936,10.436538067072423,0.07418784677363735,-0.3146022794102632,17.75870370337428,-9.293047825557943,4.32912541577943,3.3040213456641268,4.091937432235626,1.5551624593413753,0.5367423839572496
232.5,-130.65951291421916,-74.20648452823937,60.34147238401714,10.330235436622964,0.06969453011288664,-0.31263566573326423,17.801480582949644,-9.400452168693885,2.6107946922009906,3.1197712556851895,2.3849915013635434,0.5309949008181261,0.5367423839572496
233.0,-128.5054282876771,-79.77477551781168,60.45357652766698,10.353925214445098,0.06711217635490725,-0.2877624656619013,17.846539833858397,-8.583213088457022,1.6839104410551022,4.055013742439678,1.3940402746498397,-0.06357583521009613,0.5367423839572496
233.5,-126.40422579178332,-84.23583600729408,60.44657486043803,10.307666458583574,0.07597331411044085,-0.31127452292270735,17.8860040776234,-8.859650864833236,1.8276921555303447,3.0519402840950325,1.5420605066690354,0.025236304001421184,0.5367423839572496
234.0,-120.06125801782257,-88.08706661575323,59.50141665324309,10.383036631417918,0.06787940417295286,-0.32095686679302604,17.899653923954443,-9.323635951715977,1.8992962421251733,3.2085054448480594,2.3269785030993457,0.49618710185960735,0.5367423839572496
234.5,-117.31588561265357,-92.1147599762353,60.212254144062385,10.473173908302167,0.06660469338229641,-0.31542667196527924,17.94576510521873,-8.486506234777984,2.9119164707263243,3.5709182004901057,2.8109510112880094,0.7865706067728057,0.5367423839572496
235.0,-114.27238877303269,-96.81002321985206,58.549929306745085,10.554734752322545,0.07719688084359473,-0.3065636895314682,17.982916318711155,-8.559090539811498,2.395165080946638,2.932852297752328,2.474366482251272,0.5846198893507633,0.5367423839572496
235.5,-111.13056588865051,-100.81831022650378,60.887539351353645,10.495194348644553,0.06514128604394707,-0.3202699078923387,18.02893448533229,-8.496477464113392,1.4479019895520155,3.416649987276368,1.6814517130690487,0.10887102784142932,0.5367423839572496
236.0,-110.09746114277942,-104.92393472842843,59.95932270631258,10.422982011930808,0.0706522054428337,-0.31157161335113115,18.058532376743756,-8.953131403560072,0.7891529741050844,3.473677916409059,1.3480895742833336,-0.09114625542999977,0.5367423839572496
236.5,-104.32360636950722,-108.13438902612005,61.79347024000879,10.464812319192697,0.050922031941920486,-0.31822588848305056,18.081572419275,-8.866699008938525,2.2829925832287823,3.5037770059325735,2.104995453972824,0.3629972723836945,0.5367423839572496
237.0,-100.58612995810361,-111.5612892889945,59.91617067708175,10.20969780754345,0.07356591166131718,-0.31612798734633485,18.11916127874157,-7.756598038788978,3.2464439107310996,2.537323761606052,3.6948287221739387,1.3168972333043634,0.5367423839572496
237.5,-95.725023532695,-114.70640783329418,60.404214012746216,10.390026858189078,0.05941696154610804,-0.2954673323260489,18.14504834894049,-7.3252907430197345,5.481881078307623,2.24015254451665,5.139444820852303,2.1836668925113814,0.5367423839572496
238.0,-92.20588387916807,-115.9156345806365,60.24089979428162,10.71210678051754,0.09120840672542715,-0.30153348570709415,18.19018459787124,-7.407144080573859,5.889715093082716,1.9309027075386687,5.540154523776838,2.424092714266103,0.5367423839572496
238.5,-88.00778359729624,-123.47272799408076,59.72759512397453,10.476710362059464,0.08123475765945733,-0.3166413735532031,18.22872491416444,-7.496434257417409,4.190106352552792,2.5401540989160876,4.819090858045187,1.991454514827112,0.5367423839572496
239.0,-84.157643001462,-123.3738029659424,59.31983409988875,10.558865983750799,0.0776660946638231,-0.3134474854854048,18.23984208453083,-8.011995005566414,3.4457586125001853,3.4629232873675972,3.7595343641460257,1.3557206184876154,0.5367423839572496
239.5,-80.86839749509642,-129.69560487555938,60.5864428744035,10.408062676431317,0.07337908685550373,-0.3022079560736266,18.281827704401934,-7.546637859537497,3.195098866226432,2.6920645065706275,3.3140436196968093,1.0884261718180854,0.5367423839572496
240.0,-74.97978973512151,-129.4696694904174,59.98853279639047,10.462105013805152,0.08458629789041067,-0.318996639349099,18.312046223878635,-6.63511905432965,3.0804292416510726,2.5089455029989156,3.7868443096296387,1.372106585777783,0.5367423839572496
240.5,-70.3669895301605,-132.75148584282965,59.986052882440795,10.265260310735874,0.07397024297883183,-0.31232856164739903,18.336176180040066,-6.101082213139986,3.9482549172064854,2.6734141901190034,4.603315362529322,1.8619892175175936,0.5367423839572494
241.0,-66.13247222736088,-135.35695963793142,61.175779011606835,10.18849761311146,0.06825200634728695,-0.3062206702996312,18.388959128967358,-6.636930816859819,4.045954496025306,2.8181832739295,4.862015769754178,2.0172094618525067,0.5367423839572496
241.5,-62.063027305589756,-138.58966277894191,59.12999830419084,10.532513722508142,0.0658875762310547,-0.331066073516342,18.422988923835405,-7.490810262776679,3.0072112246673557,2.9463227405136942,4.177198651948237,1.6063191911689423,0.5367423839572496
242.0,-56.041014874648766,-139.87980103004142,58.77113203276422,10.475657986826576,0.062457417565346535,-0.31461175760811066,18.474675012077363,-7.109797972651308,2.4548461232793573,2.560710741395942,3.0646420778382883,0.9387852467029729,0.5367423839572496
242.5,-51.560095522880395,-141.11484492868195,61.62970231756785,10.43848205365788,0.055935008758668706,-0.31661679522854336,18.513179476022703,-8.250481441678142,1.4404926056760297,2.777634866439166,2.524443999865214,0.6146663999191284,0.5367423839572496
243.0,-47.62931488392719,-142.18224859600258,60.53302982601051,10.486329818605416,0.07971032604712448,-0.3232737971624154,18.536302595062423,-7.528293650786141,2.0356852719358587,3.5095645753034317,3.179993421970018,1.0079960531820107,0.5367423839572494
243.5,-42.295624633339514,-144.04498611821674,58.91856325914935,10.307136827127398,0.06183062462363887,-0.3250618813435763,18.565650443516542,-5.653748774994531,3.541924654260302,2.449063356279847,4.724315500616575,1.934589300369945,0.5367423839572496
244.0,-36.72133582429889,-145.32675805589287,59.49734401168927,10.648876183423859,0.07147158554646255,-0.30953736793881237,18.601557487282772,-4.673638885618779,4.905349872546264,1.7303032820271402,6.159541844596166,2.7957251067576996,0.5367423839572496
244.5,-30.739257568818026,-147.89593370486023,59.11829037658918,10.405123578557996,0.06565723641826518,-0.3231110756758729,18.639170899289226,-4.024039478387374,4.956106652555103,1.7183877017248266,6.624245588029153,3.0745473528174916,0.5367423839572496
245.0,-27.71301964494326,-147.66469129149738,60.020616154955995,10.457748820926703,0.0763022575201432,-0.2921027685391141,18.688014492991293,-4.268500366391337,3.5752562207005782,1.5751360940474992,6.091415653230717,2.7548493919384303,0.5367423839572496
245.5,-21.49629084321823,-148.1398386912474,60.285527079372564,10.617894366181341,0.06298989953429832,-0.301626230089013,18.711000972689483,-5.678944900541222,3.1591162314201515,2.0807214251118413,5.334842306937877,2.300905384162726,0.5367423839572496
246.0,-15.949250612649235,-148.51593369128327,60.14971358941617,10.630466989322219,0.06061541242990926,-0.3289788571562361,18.756591585890018,-4.674932035435916,3.0235846707093317,2.5320957527747234,5.202646446382239,2.221587867829343,0.5367423839572494
246.5,-9.916568078035265,-150.36365672996055,61.38514300082588,10.328939889761871,0.0800027675577661,-0.31819975955827917,18.772744644328043,-4.333821889078912,2.5620811479818677,2.0176230405766704,5.84219698893897,2.6053181933633818,0.5367423839572496
247.0,-4.938438018315758,-150.32592032275087,59.78846502982024,10.59860569056991,0.06646029044028774,-0.31584765601411285,18.834434872837576,-3.173877563784655,3.5088109806351295,1.4968947715111798,6.560610931919239,3.0363665591515434,0.5367423839572496
247.5,0.9039763152862107,-150.66385470576603,59.93804890589424,10.336362137043615,0.05530713012878696,-0.3023981675628899,18.871180804997017,-3.6361238072031465,2.3453794289019405,1.7426829665536965,6.444859164574568,2.966915498744741,0.5367423839572496
248.0,4.704244952043417,-149.40736294103155,60.20364330041018,10.522914405454257,0.06927516895012725,-0.3209619196360191,18.885780258667438,-4.924218721776316,1.7986648503363545,1.8442737567509269,5.1963995322100995,2.2178397193260597,0.5367423839572496
248.5,10.320988288163136,-150.76541441757217,60.791251697100435,10.365114780963154,0.045705865793085845,-0.318833590331832,18.912874388589888,-6.396998765158644,1.31494475110135,2.9781246836763065,3.443873657272352,1.166324194363411,0.5367423839572496
249.0,16.14853536001453,-149.02162959493586,58.630768499853424,10.596063409637054,0.09428904310706035,-0.3292260832586644,18.958668641821383,-7.4822612093304395,0.5350940963099542,2.8424853159889256,2.251929933082196,0.4511579598493176,0.5367423839572496
249.5,19.62767116485527,-148.59287334217467,59.54890025875803,10.338065680580275,0.06729398462901788,-0.3096694290279562,19.000465590612333,-7.73815681056918,0.6298940442792398,3.0388670552451904,2.24700949656539,0.4482056979392339,0.5367423839572496
250.0,25.840864975446834,-147.96075166446448,59.442672069995645,10.517281685231026,0.07887369482882814,-0.3117020562273589,19.007431602049802,-7.292338625655221,0.7656236978598862,2.4222584685833155,3.116651549889182,0.9699909299335092,0.5367423839572496
250.5,31.811498885151067,-147.73890237999532,58.87077019633905,10.604487338079569,0.09192123966715231,-0.31047762472907375,19.054605153887778,-6.193528321395221,0.6060648682958488,2.002224407931962,3.9134635567622587,1.4480781340573552,0.5367423839572496
251.0,35.666883417065115,-144.66953127082647,59.67949686418399,10.189029772768471,0.06346069451940306,-0.31862348514937205,19.066421806584653,-5.912926495425341,0.5742897317095271,2.7201354612894346,3.893080715103254,1.4358484290619522,0.5367423839572496
251.5,42.27509646124042,-143.53277495474978,61.00163485095893,10.303354434241324,0.0738345351341763,-0.30354176254059545,19.113401770352176,-6.403207913340285,0.01626483768870235,2.13422384373826,3.1514031739947646,0.9908419043968589,0.5367423839572496
252.0,46.35697406714544,-143.31791681084715,60.30085882535664,10.624901570996176,0.055450812696829485,-0.3364341787472876,19.17808679450102,-7.033192685626503,-0.34763327021655904,2.958044100519442,2.5059661531971233,0.6035796919182739,0.5367423839572496
252.5,51.63838198548289,-140.83531464093943,60.876123265050076,10.477136636363808,0.06673462894605356,-0.3138327654080622,19.198434861434503,-7.207467175052214,-0.16196183191100802,2.910572984176279,2.731577247736152,0.7389463486416912,0.5367423839572496
253.0,55.352246898358985,-138.43614145709782,59.21889183378699,10.654970006182536,0.07210129680545879,-0.31725143523846544,19.237278409240023,-6.661927575914102,0.35822451559844665,2.2544616464580463,3.8281363584308794,1.3968818150585278,0.5367423839572496
253.5,60.62796452175709,-137.07089351497737,61.53102883205474,10.36914577003802,0.07148235316162899,-0.30118605970367696,19.268843821197294,-4.523390853818445,0.06018570538667592,2.381204616101475,4.971189623685616,2.0827137742113693,0.5367423839572496
254.0,64.96843319994643,-135.32996789717657,60.079768301059275,10.776531460579843,0.07207422317778367,-0.30672128424580847,19.317004645467502,-4.767801853269784,-0.3917709016835858,1.5154647732774142,5.197091463498131,2.218254878098879,0.5367423839572496
254.5,70.66447001718096,-132.0582970727978,58.92783329197516,10.318662425069471,0.07437437999641952,-0.30882643293668743,19.33560123975143,-5.134629006583699,0.4460053744810667,2.057158796178197,4.2291188844769545,1.6374713306861726,0.5367423839572496
255.0,74.2977951475772,-128.61885123965254,60.83388425362375,10.563293977695366,0.07296738810352352,-0.31377641344864765,19.364603872279076,-6.888993752631369,-0.6411285649162497,2.858846169064232,2.7242289560593527,0.7345373736356117,0.5367423839572496
255.5,79.33749368451396,-127.3951872182623,60.00846016442326,10.570073446801247,0.08271557450919945,-0.2969172301918911,19.41419247966362,-8.054393965844909,-0.6241128558325181,3.0753949277823236,1.7238294874221483,0.13429769245328904,0.5367423839572496
256.0,84.01592818029245,-125.49373880225609,59.73754430125952,10.48418368742974,0.07351853649273508,-0.31950476764239194,19.458484566078084,-8.126820326477956,-0.13120102099203623,3.4063289994390926,1.7854227305743824,0.17125363834462948,0.5367423839572496
256.5,87.41850958978291,-121.34300552968476,60.01044314054035,10.54230595234726,0.060070248976973606,-0.3198091838104479,19.47448904480161,-7.336307545070225,-0.6022213372700509,2.8568546360847673,2.5485053678980627,0.6291032207388377,0.5367423839572496
257.0,92.20355815536979,-120.49730906089235,59.61223837443877,10.276373073381787,0.08568577470990923,-0.33177109405826777,19.51396113678777,-6.34678617554696,-1.2073403666546871,2.8855114409373055,3.105968752228538,0.9635812513371228,0.5367423839572496
257.5,97.7199263663118,-114.97333256944398,60.037301474235214,10.154389015147897,0.08856883340326778,-0.3072322798085573,19.53851805969221,-7.452488174373358,-0.8177904462932463,2.7757029396802166,2.8464303913134676,0.8078582347880807,0.5367423839572496
258.0,100.32699831491726,-112.65589395050917,61.29302540285098,10.806743433789835,0.07623794790612283,-0.32363823638724043,19.575278145838162,-8.826815567449689,-1.2627511346222207,3.6475679005351203,2.0216717117641503,0.31300302705849026,0.5367423839572496
258.5,104.7798727794087,-107.97460408169454,59.65443249947687,10.372082652602083,0.06437023135557915,-0.29258944730071096,19.615524220632427,-7.98730240521326,-0.30829414748223244,2.859663035974213,1.536654267834562,0.021992560700737185,0.5367423839572496
259.0,107.36573395145871,-104.26263266013409,59.951748597508995,10.31525417781999,0.10576317452765323,-0.32543996928128616,19.654805145015406,-7.897068622811057,-1.0330094662545655,3.3247691747791865,2.1439338028446375,0.3863602817067826,0.5367423839572496
259.5,111.55691277729115,-99.96047175688936,60.2620804674169,10.439030839178365,0.08035776199531708,-0.29936647001550704,19.69712585317849,-6.428319944485462,-2.0905156282017177,2.5837680016767357,3.7497481715955963,1.3498489029573577,0.5367423839572496
260.0,115.10854313291988,-96.8008076621804,59.25141344065252,10.271587915557262,0.06194384451683054,-0.3314503584177117,19.71976014951948,-5.255028692824172,-2.835991654323573,2.1579170325176467,5.444783786660979,2.3668702719965875,0.5367423839572496
260.5,118.50541479180738,-91.75704284796402,59.56045838417968,10.562208012317566,0.06981009282929643,-0.3085313139666814,19.749650193401905,-4.281786591838087,-2.6002495879699916,2.406219228125437,6.2406114977091605,2.844366898625496,0.5367423839572496
261.0,122.09306485335732,-89.74961082416495,61.083068437434484,10.425213325630294,0.07849229697668328,-0.3035743874577202,19.79608806628577,-4.471351612328952,-3.1477041354629747,2.384267100303573,5.876124817264794,2.6256748903588765,0.5367423839572496
261.5,125.04993676330841,-85.14810083625369,59.56673931056458,10.44413387174492,0.09579997107699495,-0.3207155646420297,19.82444081255256,-5.790734446757658,-2.669267500766265,2.3020157178318392,4.996872634659386,2.0981235807956313,0.5367423839572496
262.0,127.88630765229183,-80.04690037003279,60.63088889541218,10.340586849853718,0.08299699735041738,-0.30311179096887964,19.86331862955268,-4.8823481959103034,-2.328675962664377,2.8410794913012993,4.557788664254529,1.8346731985527174,0.5367423839572496
262.5,129.8261632669665,-73.85893841848,61.36762769250102,10.507849314652564,0.08986765823108556,-0.3059367507507227,19.883604229803677,-5.537961609628726,-3.5128527844557387,2.134663982644134,4.977133798947801,2.0862802793686805,0.5367423839572496
263.0,132.86069848665494,-69.6980327390988,60.39770899230888,10.359006852897334,0.07995338751785114,-0.32447052311681346,19.9305607445039,-5.580343460536663,-4.426521917710754,2.749106364700312,5.783741512991775,2.570244907795065,0.5367423839572496
263.5,135.51710574658944,-64.86899395605771,59.50454614030144,10.768276979642806,0.08056835541927371,-0.3210828824305929,19.947236644441983,-4.881617458256941,-4.241926039415882,2.3203360875802264,6.063817342490504,2.7382904054943022,0.5367423839572496
264.0,135.811133060204,-60.70419955307279,59.2041542102842,10.737595170225113,0.08389792332895991,-0.3110341007617483,20.005445712590237,-6.084129842278125,-3.997323228975599,3.0429779196338282,5.309935761359322,2.285961456815593,0.5367423839572496
264.5,139.46182443879735,-56.90892558900419,60.271150817969655,10.531574758205407,0.09980705989693422,-0.3130866961932641,20.05168817457686,-7.375469267403011,-2.8832353237877473,3.315205681469788,3.9202912638854683,1.452174758331281,0.5367423839572496
265.0,140.34078217379732,-51.950635464554836,60.790627522482126,10.578935904243716,0.08686452302398426,-0.29832413504774946,20.090177113780705,-8.051030301747227,-2.3036960365268717,3.8408841647885574,2.901635347139101,0.8409812082834606,0.5367423839572496
265.5,141.872513237339,-47.17945768865709,60.393544161085046,10.509985199549158,0.07253021617869629,-0.31443603919780627,20.117424526105687,-7.809287299595507,-1.8864388312970388,2.6961507956639146,3.0273634555502875,0.9164180733301726,0.5367423839572496
266.0,144.74500520866553,-42.566872057900184,59.47608348695202,10.555795189787323,0.0655850920545696,-0.3139320426429854,20.15814641491178,-6.518669652956989,-3.634666129227022,3.3544235500400568,4.1814462424258405,1.6088677454555045,0.5367423839572496
266.5,145.85445955861127,-35.969100632158735,60.242994001961065,10.641689167541386,0.09205882507245908,-0.3026142630177545,20.16490424739989,-6.066819649786459,-4.2018466726336,3.0800205184499627,5.459265538587253,2.375559323152352,0.5367423839572496
267.0,146.87259933751002,-31.02637944580318,60.09699243574163,10.467500849824296,0.0532516294489845,-0.315001195371163,20.20391483444279,-6.558142654985259,-4.54722802563199,3.120163916784132,5.937212199488405,2.662327319693043,0.5367423839572496
267.5,147.26932027094924,-25.81029098233664,60.79314887465401,10.451901033302722,0.06572666602979294,-0.3142098279552226,20.254909694252948,-7.357994028809009,-4.750825560028694,2.94483764736867,5.440868734680033,2.36452124080802,0.5367423839572496
268.0,148.13890746613805,-20.765865459843855,61.53890177633817,10.739259945845717,0.07099452387789357,-0.31110447481517495,20.301614843820275,-7.593465189757979,-3.4701937364527526,3.2851246740080198,4.645890253395524,1.8875341520373143,0.5367423839572496
268.5,149.778445205198,-15.43358280008228,59.94749545449073,10.620847004003437,0.06785168541578171,-0.31336557810373866,20.325029640438235,-7.693603711129085,-4.095407148538601,3.2803438998215437,4.432050998983955,1.759230599390373,0.5367423839572496
269.0,150.61473670305352,-10.997191472633483,59.46512971404201,10.431848633678689,0.07835926940964866,-0.2981629869830985,20.36253986069948,-7.866044960029526,-4.761466769446585,3.0083370015317525,5.06547662486348,2.1392859749180886,0.5367423839572496
269.5,151.19215204969265,-6.373005024401344,58.70490776537585,10.65022599271982,0.0657100332875544,-0.3111505557644753,20.39194619257446,-6.915178093338464,-5.196774333968516,2.6697942263368213,5.933479388722715,2.660087633233629,0.5367423839572496
270.0,149.75032374396298,0.5851954478437839,58.94125965858944,10.547799918597219,0.07443853850234801,-0.31168504363517785,20.43245524489627,-7.740629045300703,-5.826974491282361,2.962428684999755,6.069984466091601,2.7419906796549602,0.5367423839572496
